word,main_word,stem
आढळ् ,आढळ,् 
आढळात ,आढळ,ात 
आढळ्णारी ,आढळ,्णारी 
आढळ्णारे ,आढळ,्णारे 
आढळ्णे ,आढळ,्णे 
आढळून ,आढळ,ून 
आढळेल ,आढळ,ेल 
आढळ्ली ,आढळ,्ली 
आढळ्ल्यास ,आढळ,्ल्यास 
आढळ्तात ,आढळ,्तात 
आढळ्त ,आढळ,्त 
आढळ्ते ,आढळ,्ते 
आढळ्तेच ,आढळ,्तेच 
आढळ्तो ,आढळ,्तो 
आई ,आई, 
आईशी ,आई,शी 
आईबापांचीही ,आई,बापांचीही 
आईबापांच्या ,आई,बापांच्या 
आईबाप ,आई,बाप 
आईचा ,आई,चा 
आईचाही ,आई,चाही 
आईची ,आई,ची 
आईच ,आई,च 
आईचं ,आई,चं 
आईचे ,आई,चे 
आईच्या ,आई,च्या 
आईही ,आई,ही 
आईकडून ,आई,कडून 
आईकडे ,आई,कडे 
आईला ,आई,ला 
आईलाही ,आई,लाही 
आईमाय ,आई,माय 
आईमायच्ं ,आई,मायच्ं 
आईमध्ला ,आई,मध्ला 
आईमध्ये ,आई,मध्ये 
आईना ,आई,ना 
आईनी ,आई,नी 
आईनं ,आई,नं 
आईने ,आई,ने 
आईपासून ,आई,पासून 
आईपेक्षा ,आई,पेक्षा 
आईसाठी ,आई,साठी 
आईसमोर ,आई,समोर 
आईस्क्रीम ,आई,स्क्रीम 
आईस्क्रीमची ,आई,स्क्रीमची 
आईसुध्दा ,आई,सुध्दा 
आईवडील ,आई,वडील 
आईवडिलांचे ,आई,वडिलांचे 
आईवडिलांच्या ,आई,वडिलांच्या 
आईवडिलांनी ,आई,वडिलांनी 
आईवडिलांसम्वेत ,आई,वडिलांसम्वेत 
आईवडिलापाशी ,आई,वडिलापाशी 
आईवडिल ,आई,वडिल 
आईवडिलच् ,आई,वडिलच् 
आईविषयी ,आई,विषयी 
आईबापांचीही ,आईबापा,ंचीही 
आईबापांच्या ,आईबापा,ंच्या 
आईस्क्रीम ,आईस्क्रीम, 
आईस्क्रीमची ,आईस्क्रीम,ची 
आईवडिलांचे ,आईवडिल,ांचे 
आईवडिलांच्या ,आईवडिल,ांच्या 
आईवडिलांनी ,आईवडिल,ांनी 
आईवडिलांसम्वेत ,आईवडिल,ांसम्वेत 
आईवडिलापाशी ,आईवडिल,ापाशी 
आईवडिल ,आईवडिल, 
आईवडिलच् ,आईवडिल,च् 
आणा ,आण,ा 
आणाशप्था ,आण,ाशप्था 
आणाशप्था ,आण,ाशप्था 
आणावी ,आण,ावी 
आणावयाच्या ,आण,ावयाच्या 
आणावे ,आण,ावे 
आणाया ,आण,ाया 
आणायचा ,आण,ायचा 
आणायची ,आण,ायची 
आणायच्ं ,आण,ायच्ं 
आणायला ,आण,ायला 
आण्ढ् ,आण,्ढ् 
आणी ,आण,ी 
आणील ,आण,ील 
आणीन ,आण,ीन 
आणीत ,आण,ीत 
आणू ,आण,ू 
आणून ,आण,ून 
आण ,आण, 
आणखी ,आण,खी 
आणखीच ,आण,खीच 
आणखीही ,आण,खीही 
आणखीन ,आण,खीन 
आणखीनच् ,आण,खीनच् 
आणणारा ,आण,णारा 
आणणारी ,आण,णारी 
आणणाऱ्या ,आण,णाऱ्या 
आणणार ,आण,णार 
आणणारे ,आण,णारे 
आणणे ,आण,णे 
आणण्याचा ,आण,ण्याचा 
आणण्याची ,आण,ण्याची 
आणण्याचे ,आण,ण्याचे 
आणण्याच्या ,आण,ण्याच्या 
आणण्याजोगे ,आण,ण्याजोगे 
आणण्यासाठी ,आण,ण्यासाठी 
आणण्यात ,आण,ण्यात 
आणची ,आण,ची 
आणचे ,आण,चे 
आणइ ,आण,इ 
आणला ,आण,ला 
आणली ,आण,ली 
आणलीस ,आण,लीस 
आणलीया ,आण,लीया 
आणल्ं ,आण,ल्ं 
आणले ,आण,ले 
आणलेला ,आण,लेला 
आणलेली ,आण,लेली 
आणलेलं ,आण,लेलं 
आणलेले ,आण,लेले 
आणलेल्या ,आण,लेल्या 
आणल्या ,आण,ल्या 
आणल्यासारखेही ,आण,ल्यासारखेही 
आणत् ,आण,त् 
आणता ,आण,ता 
आणताना ,आण,ताना 
आणतात ,आण,तात 
आणते ,आण,ते 
आणतो ,आण,तो 
आणतोस ,आण,तोस 
आणय्ची ,आण,य्ची 
आणय्चे ,आण,य्चे 
आणय्ला ,आण,य्ला 
आणे ,आण,े 
आणेच ,आण,ेच 
आणेसुध्दा ,आण,ेसुध्दा 
आण्हा ,आण,्हा 
आण्हांला ,आण,्हांला 
आण्हांलाही ,आण,्हांलाही 
आण्ही ,आण,्ही 
आणि ,आण,ि 
आणिकांचे ,आण,िकांचे 
आण्यांचा ,आण,्यांचा 
आण्यांची ,आण,्यांची 
आण्याला ,आण,्याला 
आणा ,आण,ा 
आणाशप्था ,आण,ाशप्था 
आणाशप्था ,आण,ाशप्था 
आणावी ,आण,ावी 
आणावयाच्या ,आण,ावयाच्या 
आणावे ,आण,ावे 
आणाया ,आण,ाया 
आणायचा ,आण,ायचा 
आणायची ,आण,ायची 
आणायच्ं ,आण,ायच्ं 
आणायला ,आण,ायला 
आण्ढ् ,आण,्ढ् 
आणी ,आण,ी 
आणील ,आण,ील 
आणीन ,आण,ीन 
आणीत ,आण,ीत 
आणू ,आण,ू 
आणून ,आण,ून 
आण ,आण, 
आणखी ,आण,खी 
आणखीच ,आण,खीच 
आणखीही ,आण,खीही 
आणखीन ,आण,खीन 
आणखीनच् ,आण,खीनच् 
आणणारा ,आण,णारा 
आणणारी ,आण,णारी 
आणणाऱ्या ,आण,णाऱ्या 
आणणार ,आण,णार 
आणणारे ,आण,णारे 
आणणे ,आण,णे 
आणण्याचा ,आण,ण्याचा 
आणण्याची ,आण,ण्याची 
आणण्याचे ,आण,ण्याचे 
आणण्याच्या ,आण,ण्याच्या 
आणण्याजोगे ,आण,ण्याजोगे 
आणण्यासाठी ,आण,ण्यासाठी 
आणण्यात ,आण,ण्यात 
आणची ,आण,ची 
आणचे ,आण,चे 
आणइ ,आण,इ 
आणला ,आण,ला 
आणली ,आण,ली 
आणलीस ,आण,लीस 
आणलीया ,आण,लीया 
आणल्ं ,आण,ल्ं 
आणले ,आण,ले 
आणलेला ,आण,लेला 
आणलेली ,आण,लेली 
आणलेलं ,आण,लेलं 
आणलेले ,आण,लेले 
आणलेल्या ,आण,लेल्या 
आणल्या ,आण,ल्या 
आणल्यासारखेही ,आण,ल्यासारखेही 
आणत् ,आण,त् 
आणता ,आण,ता 
आणताना ,आण,ताना 
आणतात ,आण,तात 
आणते ,आण,ते 
आणतो ,आण,तो 
आणतोस ,आण,तोस 
आणय्ची ,आण,य्ची 
आणय्चे ,आण,य्चे 
आणय्ला ,आण,य्ला 
आणे ,आण,े 
आणेच ,आण,ेच 
आणेसुध्दा ,आण,ेसुध्दा 
आण्हा ,आण,्हा 
आण्हांला ,आण,्हांला 
आण्हांलाही ,आण,्हांलाही 
आण्ही ,आण,्ही 
आणि ,आण,ि 
आणिकांचे ,आण,िकांचे 
आण्यांचा ,आण,्यांचा 
आण्यांची ,आण,्यांची 
आण्याला ,आण,्याला 
आणखी ,आणखी, 
आणखीच ,आणखी,च 
आणखीही ,आणखी,ही 
आणखीन ,आणखी,न 
आणखीनच् ,आणखी,नच् 
आणा ,आण,ा 
आणाशप्था ,आण,ाशप्था 
आणाशप्था ,आण,ाशप्था 
आणावी ,आण,ावी 
आणावयाच्या ,आण,ावयाच्या 
आणावे ,आण,ावे 
आणाया ,आण,ाया 
आणायचा ,आण,ायचा 
आणायची ,आण,ायची 
आणायच्ं ,आण,ायच्ं 
आणायला ,आण,ायला 
आण्ढ् ,आण,्ढ् 
आणी ,आण,ी 
आणील ,आण,ील 
आणीन ,आण,ीन 
आणीत ,आण,ीत 
आणू ,आण,ू 
आणून ,आण,ून 
आण ,आण, 
आणखी ,आण,खी 
आणखीच ,आण,खीच 
आणखीही ,आण,खीही 
आणखीन ,आण,खीन 
आणखीनच् ,आण,खीनच् 
आणणारा ,आण,णारा 
आणणारी ,आण,णारी 
आणणाऱ्या ,आण,णाऱ्या 
आणणार ,आण,णार 
आणणारे ,आण,णारे 
आणणे ,आण,णे 
आणण्याचा ,आण,ण्याचा 
आणण्याची ,आण,ण्याची 
आणण्याचे ,आण,ण्याचे 
आणण्याच्या ,आण,ण्याच्या 
आणण्याजोगे ,आण,ण्याजोगे 
आणण्यासाठी ,आण,ण्यासाठी 
आणण्यात ,आण,ण्यात 
आणची ,आण,ची 
आणचे ,आण,चे 
आणइ ,आण,इ 
आणला ,आण,ला 
आणली ,आण,ली 
आणलीस ,आण,लीस 
आणलीया ,आण,लीया 
आणल्ं ,आण,ल्ं 
आणले ,आण,ले 
आणलेला ,आण,लेला 
आणलेली ,आण,लेली 
आणलेलं ,आण,लेलं 
आणलेले ,आण,लेले 
आणलेल्या ,आण,लेल्या 
आणल्या ,आण,ल्या 
आणल्यासारखेही ,आण,ल्यासारखेही 
आणत् ,आण,त् 
आणता ,आण,ता 
आणताना ,आण,ताना 
आणतात ,आण,तात 
आणते ,आण,ते 
आणतो ,आण,तो 
आणतोस ,आण,तोस 
आणय्ची ,आण,य्ची 
आणय्चे ,आण,य्चे 
आणय्ला ,आण,य्ला 
आणे ,आण,े 
आणेच ,आण,ेच 
आणेसुध्दा ,आण,ेसुध्दा 
आण्हा ,आण,्हा 
आण्हांला ,आण,्हांला 
आण्हांलाही ,आण,्हांलाही 
आण्ही ,आण,्ही 
आणि ,आण,ि 
आणिकांचे ,आण,िकांचे 
आण्यांचा ,आण,्यांचा 
आण्यांची ,आण,्यांची 
आण्याला ,आण,्याला 
आधारसामग्री ,आधारसामग्री, 
आधारसामग्रीची ,आधारसामग्री,ची 
आधाराने ,आधार,ाने 
आधाराप्रमाणे ,आधार,ाप्रमाणे 
आधारावर् ,आधार,ावर् 
आधारावर्च ,आधार,ावर्च 
आधारीत ,आधार,ीत 
आधार ,आधार, 
आधारभूत ,आधार,भूत 
आधारही ,आधार,ही 
आधारलेली ,आधार,लेली 
आधारलेले ,आधार,लेले 
आधारलेल्या ,आधार,लेल्या 
आधारसामग्री ,आधार,सामग्री 
आधारसामग्रीची ,आधार,सामग्रीची 
आधारसाम्रगीचा ,आधार,साम्रगीचा 
आधारे ,आधार,े 
आधारेच ,आधार,ेच 
आधारित ,आधार,ित 
आठव्णारी ,आठव्ण,ारी 
आठव्णार ,आठव्ण,ार 
आठव्णी ,आठव्ण,ी 
आठव्णींचा ,आठव्ण,ींचा 
आठव्णींच्या ,आठव्ण,ींच्या 
आठव्णींनी ,आठव्ण,ींनी 
आठव्णीही ,आठव्ण,ीही 
आठव्णीमुळे ,आठव्ण,ीमुळे 
आठव्णीनं ,आठव्ण,ीनं 
आठव्णीने ,आठव्ण,ीने 
आठव्णीत ,आठव्ण,ीत 
आठव्ण ,आठव्ण, 
आठव्णे ,आठव्ण,े 
आठव्डा ,आठव्ड,ा 
आठव्डाभर् ,आठव्ड,ाभर् 
आठव्डयांपूर्वी ,आठव्ड,यांपूर्वी 
आठव्डयात ,आठव्ड,यात 
आठव्डे ,आठव्ड,े 
आठव्ड्यांचा ,आठव्ड,्यांचा 
आठव्ड्यांसाठी ,आठव्ड,्यांसाठी 
आठव्ड्यांत ,आठव्ड,्यांत 
आठव्ड्याची ,आठव्ड,्याची 
आठव्ड्यानंतर् ,आठव्ड,्यानंतर् 
आठव्ड्यातून ,आठव्ड,्यातून 
आठव्ड्यात ,आठव्ड,्यात 
आठव्ताच ,आठव्त,ाच 
आठव्तात ,आठव्त,ात 
आठव्त ,आठव्त, 
आठव्तंय ,आठव्त,ंय 
आठव्ते ,आठव्त,े 
आठव्तो ,आठव्त,ो 
आठव्तोय ,आठव्त,ोय 
आहेरातील ,आहेर,ातील 
आहे ,आहे, 
आहेच ,आहे,च 
आहेह ,आहे,ह 
आहेरातील ,आहे,रातील 
आहेस ,आहे,स 
आहेत ,आहे,त 
आहेतच् ,आहे,तच् 
आहेय ,आहे,य 
आकारांच्या ,आकार,ांच्या 
आकाराशी ,आकार,ाशी 
आकाराचा ,आकार,ाचा 
आकाराची ,आकार,ाची 
आकाराच ,आकार,ाच 
आकाराचे ,आकार,ाचे 
आकाराचेच ,आकार,ाचेच 
आकाराच्या ,आकार,ाच्या 
आकाराला ,आकार,ाला 
आकाराने ,आकार,ाने 
आकारानुसार ,आकार,ानुसार 
आकारासारखी ,आकार,ासारखी 
आकारावर् ,आकार,ावर् 
आकारात ,आकार,ात 
आकारीत ,आकार,ीत 
आकारून ,आकार,ून 
आकार ,आकार, 
आकारणी ,आकार,णी 
आकारणे ,आकार,णे 
आकारण्याची ,आकार,ण्याची 
आकारण्यात ,आकार,ण्यात 
आकारला ,आकार,ला 
आकारली ,आकार,ली 
आकारले ,आकार,ले 
आकारलेल्या ,आकार,लेल्या 
आकारताना ,आकार,ताना 
आकारतात ,आकार,तात 
आयुष्याशी ,आयुष्य,ाशी 
आयुष्याचा ,आयुष्य,ाचा 
आयुष्याची ,आयुष्य,ाची 
आयुष्याचे ,आयुष्य,ाचे 
आयुष्याच्या ,आयुष्य,ाच्या 
आयुष्याकडे ,आयुष्य,ाकडे 
आयुष्याला ,आयुष्य,ाला 
आयुष्यामध्ये ,आयुष्य,ामध्ये 
आयुष्यावर् ,आयुष्य,ावर् 
आयुष्यातील ,आयुष्य,ातील 
आयुष्यात ,आयुष्य,ात 
आयुष्यातही ,आयुष्य,ातही 
आयुष्यातला ,आयुष्य,ातला 
आयुष्यातल्या ,आयुष्य,ातल्या 
आयुष्य ,आयुष्य, 
आयुष्यभ्राची ,आयुष्य,भ्राची 
आयुष्यभ्र ,आयुष्य,भ्र 
आयुष्यच् ,आयुष्य,च् 
आयुष्यही ,आयुष्य,ही 
आयुष्यरेषेच्या ,आयुष्य,रेषेच्या 
आयुष्ये ,आयुष्य,े 
आयुष्येरेषे ,आयुष्य,ेरेषे 
आयुष्यरेषेच्या ,आयुष्यरेष,ेच्या 
ऑफिसातील ,ऑफिस,ातील 
ऑफिसात ,ऑफिस,ात 
ऑफिसातल्या ,ऑफिस,ातल्या 
ऑफिस ,ऑफिस, 
ऑफिसचा ,ऑफिस,चा 
ऑफिसक्डून ,ऑफिस,क्डून 
ऑफिसला ,ऑफिस,ला 
ऑफिसम्धून ,ऑफिस,म्धून 
ऑफिसम्ध्ये ,ऑफिस,म्ध्ये 
ऑफिसर् ,ऑफिस,र् 
ऑफिसर्चाही ,ऑफिस,र्चाही 
ऑफिसर्च्या ,ऑफिस,र्च्या 
ऑफिसर्कडे ,ऑफिस,र्कडे 
ऑफिसर्ला ,ऑफिस,र्ला 
ऑफिसर्स ,ऑफिस,र्स 
ऑफिसेस ,ऑफिस,ेस 
ऑफिसर् ,ऑफिसर्, 
ऑफिसर्चाही ,ऑफिसर्,चाही 
ऑफिसर्च्या ,ऑफिसर्,च्या 
ऑफिसर्कडे ,ऑफिसर्,कडे 
ऑफिसर्ला ,ऑफिसर्,ला 
ऑफिसर्स ,ऑफिसर्,स 
भांडव्लाचा ,भांडव्ल,ाचा 
भांडव्लाची ,भांडव्ल,ाची 
भांडव्लाचे ,भांडव्ल,ाचे 
भांडव्लाच्या ,भांडव्ल,ाच्या 
भांडव्लामुळे ,भांडव्ल,ामुळे 
भांडव्लापेकी ,भांडव्ल,ापेकी 
भांडव्लापेक्षा ,भांडव्ल,ापेक्षा 
भांडव्लासारखा ,भांडव्ल,ासारखा 
भांडव्लासंबंधीची ,भांडव्ल,ासंबंधीची 
भांडव्लावर् ,भांडव्ल,ावर् 
भांडव्ली ,भांडव्ल,ी 
भांडव्ल ,भांडव्ल, 
भांडव्लशाही ,भांडव्ल,शाही 
भांडव्लबाजारामार्फत् ,भांडव्ल,बाजारामार्फत् 
भांडव्लबाजारातून ,भांडव्ल,बाजारातून 
भांडव्लबाजारात ,भांडव्ल,बाजारात 
भांडव्लच्या ,भांडव्ल,च्या 
भांडव्लउभारणीशिवाय ,भांडव्ल,उभारणीशिवाय 
भांडव्लउपल्ब्धता ,भांडव्ल,उपल्ब्धता 
भांडव्लवाद ,भांडव्ल,वाद 
भांडव्लविषय्क ,भांडव्ल,विषय्क 
भांडव्लदारांकडून ,भांडव्ल,दारांकडून 
भांडव्लदारासाठी ,भांडव्ल,दारासाठी 
भागभांडव्लातून ,भांडव्ल,ातून 
भांडव्लबाजारामार्फत् ,भांडव्लबाजार,ामार्फत् 
भांडव्लबाजारातून ,भांडव्लबाजार,ातून 
भांडव्लबाजारात ,भांडव्लबाजार,ात 
भाषांतर् ,भाषांतर,् 
भाषांतराच्या ,भाषांतर,ाच्या 
भाषांतरासारखे ,भाषांतर,ासारखे 
भाषांतरात ,भाषांतर,ात 
भाषांतरीय ,भाषांतर,ीय 
भाषांतरे ,भाषांतर,े 
भाषण् ,भाषण,् 
भाषणांबद्दल् ,भाषण,ांबद्दल् 
भाषणांचा ,भाषण,ांचा 
भाषणांची ,भाषण,ांची 
भाषणांचे ,भाषण,ांचे 
भाषणांमुळे ,भाषण,ांमुळे 
भाषणांना ,भाषण,ांना 
भाषणांत ,भाषण,ांत 
भाषणाची ,भाषण,ाची 
भाषणाच्या ,भाषण,ाच्या 
भाषणाकरिता ,भाषण,ाकरिता 
भाषणाला ,भाषण,ाला 
भाषणावर् ,भाषण,ावर् 
भाषणाता ,भाषण,ाता 
भाषणातून ,भाषण,ातून 
भाषणात ,भाषण,ात 
भाषणातल्या ,भाषण,ातल्या 
भाषण्ं ,भाषण,्ं 
भाषण्ंबिषण्ं ,भाषण,्ंबिषण्ं 
भाषणे ,भाषण,े 
भाषणेच ,भाषण,ेच 
भाषण्देखील ,भाषण,्देखील 
संभाषण् ,भाषण,् 
संभाषणाचा ,भाषण,ाचा 
भाषिकांसाठी ,भाषिक,ांसाठी 
बहुभाषिकत्वाचे ,भाषिक,त्वाचे 
द्वेभाषिकामुळे ,भाषिक,ामुळे 
भाऊ ,भाऊ, 
भाऊंचा ,भाऊ,ंचा 
भाऊंना ,भाऊ,ंना 
भाऊंनी ,भाऊ,ंनी 
भाऊबंदांकडून ,भाऊ,बंदांकडून 
भाऊही ,भाऊ,ही 
भाऊनं ,भाऊ,नं 
भाऊराव ,भाऊ,राव 
भाऊसाहेबांच्याद्वारा ,भाऊ,साहेबांच्याद्वारा 
भाऊसाहेब ,भाऊ,साहेब 
भीमरावभाऊंनी ,भाऊ,ंनी 
चुलत्भाऊ ,भाऊ, 
गुंड्याभाऊ ,भाऊ, 
हरीभाऊ ,भाऊ, 
हरिभाऊ ,भाऊ, 
नरूभाऊ ,भाऊ, 
नरूभाऊंचा ,भाऊ,ंचा 
नरूभाऊंचे ,भाऊ,ंचे 
नरूभाऊंच्या ,भाऊ,ंच्या 
नरूभाऊंना ,भाऊ,ंना 
नरूभाऊची ,भाऊ,ची 
राजाभाऊ ,भाऊ, 
संभाभाऊ ,भाऊ, 
संभाभाऊला ,भाऊ,ला 
भाजीपाला ,भाजीपाल,ा 
भाजीपाल्यासारखी ,भाजीपाल,्यासारखी 
भारत् ,भारत,् 
भारताशी ,भारत,ाशी 
भारताची ,भारत,ाची 
भारताचे ,भारत,ाचे 
भारताच्या ,भारत,ाच्या 
भारतामध्ये ,भारत,ामध्ये 
भारतासारख्या ,भारत,ासारख्या 
भारतावर् ,भारत,ावर् 
भारताता ,भारत,ाता 
भारतातील ,भारत,ातील 
भारतात ,भारत,ात 
भारतातही ,भारत,ातही 
भारत्भर् ,भारत,्भर् 
भारती ,भारत,ी 
भारतीयांचं ,भारत,ीयांचं 
भारतीय ,भारत,ीय 
महाभारत् ,भारत,् 
महाभारताचा ,भारत,ाचा 
महाभारताकालीनच् ,भारत,ाकालीनच् 
महाभारतातील ,भारत,ातील 
महाभारतात ,भारत,ात 
महाभारत्काळात ,भारत,्काळात 
महाभारत्काला ,भारत,्काला 
महाभारत्कालीन ,भारत,्कालीन 
उभारता ,भारत,ा 
उभारताना ,भारत,ाना 
भीमरावांचे ,भीमराव,ांचे 
भीमरावांकडून ,भीमराव,ांकडून 
भीमरावांना ,भीमराव,ांना 
भीमरावांनी ,भीमराव,ांनी 
भीमरावभाऊंनी ,भीमराव,भाऊंनी 
भूमिका ,भूमिक,ा 
भूमिकांशी ,भूमिक,ांशी 
भूमिकांचे ,भूमिक,ांचे 
भूमिकाच ,भूमिक,ाच 
भूमिकाही ,भूमिक,ाही 
भूमिकेबद्दल्ची ,भूमिक,ेबद्दल्ची 
भूमिकेची ,भूमिक,ेची 
भूमिकेचे ,भूमिक,ेचे 
भूमिकेच्या ,भूमिक,ेच्या 
भूमिकेसाठी ,भूमिक,ेसाठी 
भूमिकेसाठीच ,भूमिक,ेसाठीच 
भूमिकेवरून ,भूमिक,ेवरून 
भूमिकेतील ,भूमिक,ेतील 
भूमिकेतून ,भूमिक,ेतून 
भविष्या ,भविष्य,ा 
भविष्याबाबत् ,भविष्य,ाबाबत् 
भविष्याबद्दल् ,भविष्य,ाबद्दल् 
भविष्याचा ,भविष्य,ाचा 
भविष्याची ,भविष्य,ाची 
भविष्याचे ,भविष्य,ाचे 
भविष्याकडे ,भविष्य,ाकडे 
भविष्याने ,भविष्य,ाने 
भविष्यासाठीच ,भविष्य,ासाठीच 
भविष्यातील ,भविष्य,ातील 
भविष्यात ,भविष्य,ात 
भविष्य ,भविष्य, 
भविष्यही ,भविष्य,ही 
भविष्यकाळाशी ,भविष्य,काळाशी 
भविष्यकाळाचा ,भविष्य,काळाचा 
भविष्यकाळात ,भविष्य,काळात 
भविष्यकाळ ,भविष्य,काळ 
भविष्यकालातील ,भविष्य,कालातील 
भविष्यकालीन ,भविष्य,कालीन 
भविष्यकाल ,भविष्य,काल 
भविष्यक्थनाची ,भविष्य,क्थनाची 
भविष्यक्थनातील ,भविष्य,क्थनातील 
भविष्यविषय्क ,भविष्य,विषय्क 
भविष्यति ,भविष्य,ति 
भविष्ये ,भविष्य,े 
भेटा ,भेट,ा 
भेटासाठी ,भेट,ासाठी 
भेटाया ,भेट,ाया 
भेटायासाठी ,भेट,ायासाठी 
भेटायची ,भेट,ायची 
भेटायच्ं ,भेट,ायच्ं 
भेटायच्ंय ,भेट,ायच्ंय 
भेटायचे ,भेट,ायचे 
भेटायचेच ,भेट,ायचेच 
भेटायला ,भेट,ायला 
भेटी ,भेट,ी 
भेटीबरोबर् ,भेट,ीबरोबर् 
भेटीचा ,भेट,ीचा 
भेटीची ,भेट,ीची 
भेटीच्या ,भेट,ीच्या 
भेटीगाठींच्या ,भेट,ीगाठींच्या 
भेटीगाठींमध्ये ,भेट,ीगाठींमध्ये 
भेटीला ,भेट,ीला 
भेटीमुळे ,भेट,ीमुळे 
भेटीनंतर् ,भेट,ीनंतर् 
भेटीसाठी ,भेट,ीसाठी 
भेटीस ,भेट,ीस 
भेटीसंबंधीचा ,भेट,ीसंबंधीचा 
भेटीत ,भेट,ीत 
भेटू ,भेट,ू 
भेटून ,भेट,ून 
भेट ,भेट, 
भेटण्याचा ,भेट,ण्याचा 
भेटण्याची ,भेट,ण्याची 
भेटण्याचे ,भेट,ण्याचे 
भेटण्यासाठी ,भेट,ण्यासाठी 
भेटण्यास ,भेट,ण्यास 
भेटला ,भेट,ला 
भेटलाच ,भेट,लाच 
भेटलाला ,भेट,लाला 
भेटलास ,भेट,लास 
भेटली ,भेट,ली 
भेटले ,भेट,ले 
भेटलेला ,भेट,लेला 
भेटलेली ,भेट,लेली 
भेटलेले ,भेट,लेले 
भेटलेलेच ,भेट,लेलेच 
भेटलेल्या ,भेट,लेल्या 
भेटलो ,भेट,लो 
भेटल्याखेरीज ,भेट,ल्याखेरीज 
भेटल्याबरोबर् ,भेट,ल्याबरोबर् 
भेटल्याबद्दल्चा ,भेट,ल्याबद्दल्चा 
भेटल्याचा ,भेट,ल्याचा 
भेटल्याची ,भेट,ल्याची 
भेटल्याचे ,भेट,ल्याचे 
भेटल्यासारखे ,भेट,ल्यासारखे 
भेटल्यावर् ,भेट,ल्यावर् 
भेटप्त्रिका ,भेट,प्त्रिका 
भेटत् ,भेट,त् 
भेटता ,भेट,ता 
भेटताता ,भेट,ताता 
भेटतात ,भेट,तात 
भेटतील ,भेट,तील 
भेटतीलच् ,भेट,तीलच् 
भेटते ,भेट,ते 
भेटतो ,भेट,तो 
भेटतोय ,भेट,तोय 
भेटेल ,भेट,ेल 
भेट्टेर् ,भेट,्टेर् 
गाठीभेटी ,भेट,ी 
गाठीभेटीही ,भेट,ीही 
भिंती ,भिंत,ी 
भिंतीशी ,भिंत,ीशी 
भिंतीबाहेरच् ,भिंत,ीबाहेरच् 
भिंतीच्या ,भिंत,ीच्या 
भिंतीकडेनं ,भिंत,ीकडेनं 
भिंतीला ,भिंत,ीला 
भिंतीमध्ये ,भिंत,ीमध्ये 
भिंतीपुरताच ,भिंत,ीपुरताच 
भिंतीवर् ,भिंत,ीवर् 
भिंतीवर्चा ,भिंत,ीवर्चा 
भिंतीवर्ची ,भिंत,ीवर्ची 
भिंतीवर्च्या ,भिंत,ीवर्च्या 
भिंतीवर्ती ,भिंत,ीवर्ती 
भिंतीत ,भिंत,ीत 
भिंत ,भिंत, 
भोजन् ,भोजन,् 
भोजना ,भोजन,ा 
भोजनाच्या ,भोजन,ाच्या 
भोजनालयात ,भोजन,ालयात 
भोजनास ,भोजन,ास 
भोजन्गृहात ,भोजन,्गृहात 
भोजन्ही ,भोजन,्ही 
इच्छाभोजन् ,भोजन,् 
इच्छाभोजनासाठी ,भोजन,ासाठी 
भ्रष्टाचाराच्या ,भ्रष्टाचार,ाच्या 
भ्रष्टाचाराला ,भ्रष्टाचार,ाला 
भ्रष्टाचारासमोर ,भ्रष्टाचार,ासमोर 
भ्रष्टाचार ,भ्रष्टाचार, 
छान ,छान, 
छानछोकीचे ,छान,छोकीचे 
छाननी ,छान,नी 
छानपेकी ,छान,पेकी 
छानस्ं ,छान,स्ं 
बिछाना ,छान,ा 
बिछान्यावर् ,छान,्यावर् 
बिछान्यावरून ,छान,्यावरून 
बिछान्यावर्च ,छान,्यावर्च 
बिछान्यात ,छान,्यात 
छापखान्यासाठी ,छापखान्,यासाठी 
छापखान्यात ,छापखान्,यात 
छापखान्यातली ,छापखान्,यातली 
छाती ,छाती, 
छातीशी ,छाती,शी 
छातीचा ,छाती,चा 
छातीची ,छाती,ची 
छातीमध्ये ,छाती,मध्ये 
छातीवर् ,छाती,वर् 
छातीत ,छाती,त 
छोटा ,छोट,ा 
छोटासा ,छोट,ासा 
छोटी ,छोट,ी 
छोटीशी ,छोट,ीशी 
छोटंसं ,छोट,ंसं 
छोटया ,छोट,या 
छोटयाशा ,छोट,याशा 
छोटयाच्या ,छोट,याच्या 
छोटे ,छोट,े 
छोटेखानी ,छोट,ेखानी 
छोटेमोठे ,छोट,ेमोठे 
छोटेसेच ,छोट,ेसेच 
छोट्या ,छोट,्या 
छोट्याशा ,छोट,्याशा 
ढिगारा ,ढिग,ारा 
ढिगाऱ्याशेजारी ,ढिग,ाऱ्याशेजारी 
ढिगाऱ्यातून ,ढिग,ाऱ्यातून 
ढिगात ,ढिग,ात 
ऐकायला ,ऐकायला, 
ऐकायलादेखील ,ऐकायला,देखील 
घाणेकर् ,घाणेकर,् 
घाणेकरा ,घाणेकर,ा 
घाणेकरांशी ,घाणेकर,ांशी 
घाणेकरांचा ,घाणेकर,ांचा 
घाणेकरांचाही ,घाणेकर,ांचाही 
घाणेकरांची ,घाणेकर,ांची 
घाणेकरांचे ,घाणेकर,ांचे 
घाणेकरांच्या ,घाणेकर,ांच्या 
घाणेकरांच्यासंबधी ,घाणेकर,ांच्यासंबधी 
घाणेकरांना ,घाणेकर,ांना 
घाणेकरांनी ,घाणेकर,ांनी 
घाणेकरांनीच ,घाणेकर,ांनीच 
घाणेकरांसारखे ,घाणेकर,ांसारखे 
घाणेकर्च ,घाणेकर,्च 
घाणेकर्ही ,घाणेकर,्ही 
घाबरायच्ं ,घाबर,ायच्ं 
घाबर्णारे ,घाबर,्णारे 
घाबरू ,घाबर,ू 
घाबरून ,घाबर,ून 
घाबरूनच् ,घाबर,ूनच् 
घाबऱ्या ,घाबर,़्या 
घाबरेलेल्या ,घाबर,ेलेल्या 
घाबर्ला ,घाबर,्ला 
घाबर्ली ,घाबर,्ली 
घाबर्ले ,घाबर,्ले 
घाबर्लेली ,घाबर,्लेली 
घाबर्लो ,घाबर,्लो 
घाबर्ल्यासारखे ,घाबर,्ल्यासारखे 
घाबर्टप्णाने ,घाबर,्टप्णाने 
घाबर्ता ,घाबर,्ता 
ओघाबरोबर् ,घाबर,ोबर् 
घाला ,घाल,ा 
घालावी ,घाल,ावी 
घालावीत ,घाल,ावीत 
घालायचा ,घाल,ायचा 
घालायची ,घाल,ायची 
घालायच्ं ,घाल,ायच्ं 
घालायचे ,घाल,ायचे 
घालायच्या ,घाल,ायच्या 
घालायला ,घाल,ायला 
घाली ,घाल,ी 
घालील ,घाल,ील 
घालीन ,घाल,ीन 
घालीत ,घाल,ीत 
घालू ,घाल,ू 
घालून ,घाल,ून 
घालूनच् ,घाल,ूनच् 
घाल ,घाल, 
घालणारा ,घाल,णारा 
घालणाऱ्या ,घाल,णाऱ्या 
घालणार ,घाल,णार 
घालण्ं ,घाल,ण्ं 
घालणे ,घाल,णे 
घालणेही ,घाल,णेही 
घालण्याचा ,घाल,ण्याचा 
घालण्याचाही ,घाल,ण्याचाही 
घालण्याच्या ,घाल,ण्याच्या 
घालण्याकडे ,घाल,ण्याकडे 
घालण्यासाठी ,घाल,ण्यासाठी 
घालण्यास ,घाल,ण्यास 
घालण्याविषयी ,घाल,ण्याविषयी 
घालण्यात ,घाल,ण्यात 
घालमेल ,घाल,मेल 
घालन्याआदी ,घाल,न्याआदी 
घालवा ,घाल,वा 
घालवावा ,घाल,वावा 
घालवावे ,घाल,वावे 
घालवायला ,घाल,वायला 
घालवीन ,घाल,वीन 
घालव्णार ,घाल,व्णार 
घालव्ण्यासाठी ,घाल,व्ण्यासाठी 
घालवून ,घाल,वून 
घालविला ,घाल,विला 
घालविता ,घाल,विता 
घालविते ,घाल,विते 
घालव्ली ,घाल,व्ली 
घालव्ले ,घाल,व्ले 
घालव्लेल्या ,घाल,व्लेल्या 
घालव्ल्या ,घाल,व्ल्या 
घालत् ,घाल,त् 
घालता ,घाल,ता 
घालताना ,घाल,ताना 
घालतानाच ,घाल,तानाच 
घालतात ,घाल,तात 
घालतील ,घाल,तील 
घालतो ,घाल,तो 
घालिती ,घाल,िती 
निघाला ,घाल,ा 
निघालास ,घाल,ास 
निघाली ,घाल,ी 
निघालं ,घाल,ं 
निघाले ,घाल,े 
निघालेला ,घाल,ेला 
निघालेले ,घाल,ेले 
निघालेल्या ,घाल,ेल्या 
निघालो ,घाल,ो 
निघाल्या ,घाल,्या 
निघाल्याशिवाय ,घाल,्याशिवाय 
निघाल्यासारखे ,घाल,्यासारखे 
निघाल्यावर् ,घाल,्यावर् 
उलघाल ,घाल, 
घासाघीस ,घास,ाघीस 
घासायचे ,घास,ायचे 
घासून ,घास,ून 
घासूनपुसून ,घास,ूनपुसून 
घास ,घास, 
घासणे ,घास,णे 
घासली ,घास,ली 
घासलेट ,घास,लेट 
घासल्यामुळे ,घास,ल्यामुळे 
घासल्यासही ,घास,ल्यासही 
वाघासारखीच ,घास,ारखीच 
घडामोडी ,घडामोडी, 
घडामोडींशी ,घडामोडी,ंशी 
घडामोडींची ,घडामोडी,ंची 
घडामोडींचे ,घडामोडी,ंचे 
घडामोडींमुळे ,घडामोडी,ंमुळे 
घडामोडींवर् ,घडामोडी,ंवर् 
घड्ल्या ,घड्ल्,या 
घड्ल्याशिवाय ,घड्ल्,याशिवाय 
घड्ल्याचे ,घड्ल्,याचे 
घड्ल्यास ,घड्ल्,यास 
बिघड्ल्यामुळे ,घड्ल्,यामुळे 
उघड्ल्या ,घड्ल्,या 
उघड्ल्यामुळे ,घड्ल्,यामुळे 
उघड्ल्याप्रमाणे ,घड्ल्,याप्रमाणे 
उघड्ल्यास ,घड्ल्,यास 
घराण्यांच्या ,घराण्,यांच्या 
घराण्यांतले ,घराण्,यांतले 
घराण्याचा ,घराण्,याचा 
घराण्याची ,घराण्,याची 
घराण्याच्या ,घराण्,याच्या 
घराण्याविषयी ,घराण्,याविषयी 
घराण्यातील ,घराण्,यातील 
घराण्यात ,घराण्,यात 
घट्का ,घट्क,ा 
घट्काभर् ,घट्क,ाभर् 
घट्काभर्च्या ,घट्क,ाभर्च्या 
घट्कांबरोबर्च ,घट्क,ांबरोबर्च 
घट्कांचा ,घट्क,ांचा 
घट्कांचाही ,घट्क,ांचाही 
घट्कांची ,घट्क,ांची 
घट्कांचे ,घट्क,ांचे 
घट्कांच्या ,घट्क,ांच्या 
घट्कांकडे ,घट्क,ांकडे 
घट्कांमध्ये ,घट्क,ांमध्ये 
घट्कांना ,घट्क,ांना 
घट्कांनी ,घट्क,ांनी 
घट्कांप्रमाणेच ,घट्क,ांप्रमाणेच 
घट्कांसाठी ,घट्क,ांसाठी 
घट्कांवर् ,घट्क,ांवर् 
घट्कांवर्च ,घट्क,ांवर्च 
घट्काचा ,घट्क,ाचा 
घट्काचे ,घट्क,ाचे 
घट्काच्या ,घट्क,ाच्या 
घट्काकडे ,घट्क,ाकडे 
घट्काला ,घट्क,ाला 
घट्कास ,घट्क,ास 
घट्कात ,घट्क,ात 
घट्क ,घट्क, 
घट्कनिधिक ,घट्क,निधिक 
घट्कराज्य ,घट्क,राज्य 
घट्केला ,घट्क,ेला 
घट्केत ,घट्क,ेत 
संघट्काने ,घट्क,ाने 
संघट्क ,घट्क, 
उत्पादन्घट्कांप्रमाणेच ,घट्क,ांप्रमाणेच 
उत्पादन्घट्क ,घट्क, 
घट्ना ,घट्ना, 
घट्नांचा ,घट्ना,ंचा 
घट्नांची ,घट्ना,ंची 
घट्नांचे ,घट्ना,ंचे 
घट्नांच्या ,घट्ना,ंच्या 
घट्नांमधील ,घट्ना,ंमधील 
घट्नांमध्ये ,घट्ना,ंमध्ये 
घट्नांना ,घट्ना,ंना 
घट्नांनी ,घट्ना,ंनी 
घट्नांवर् ,घट्ना,ंवर् 
घट्नाबाह्य ,घट्ना,बाह्य 
घट्नाही ,घट्ना,ही 
घट्नातही ,घट्ना,तही 
संघट्ना ,घट्ना, 
संघट्नाभर् ,घट्ना,भर् 
संघट्नांचे ,घट्ना,ंचे 
संघट्नांच्या ,घट्ना,ंच्या 
संघट्नांमध्ये ,घट्ना,ंमध्ये 
संघट्नांनी ,घट्ना,ंनी 
संघट्नाशिवाय ,घट्ना,शिवाय 
संघट्नाचातुर्य ,घट्ना,चातुर्य 
संघट्नाचे ,घट्ना,चे 
संघट्नान्तर्गत् ,घट्ना,न्तर्गत् 
संघट्नात्मक् ,घट्ना,त्मक् 
घट्स्फोटापर्यत् ,घट्स्फोट,ापर्यत् 
घट्स्फोटापर्यत्ही ,घट्स्फोट,ापर्यत्ही 
घट्स्फोट ,घट्स्फोट, 
घेणारा ,घेण,ारा 
घेणाराने ,घेण,ाराने 
घेणारी ,घेण,ारी 
घेणाऱ्या ,घेण,ाऱ्या 
घेणार ,घेण,ार 
घेणारे ,घेण,ारे 
घेणं ,घेण,ं 
घेणे ,घेण,े 
घेण्याआधीच्या ,घेण,्याआधीच्या 
घेण्याऐवजी ,घेण,्याऐवजी 
घेण्यांची ,घेण,्यांची 
घेण्याचा ,घेण,्याचा 
घेण्याचाच ,घेण,्याचाच 
घेण्याची ,घेण,्याची 
घेण्याचं ,घेण,्याचं 
घेण्याचे ,घेण,्याचे 
घेण्याच्या ,घेण,्याच्या 
घेण्याजोगं ,घेण,्याजोगं 
घेण्याकरिता ,घेण,्याकरिता 
घेण्यापूर्वी ,घेण,्यापूर्वी 
घेण्यापेक्षा ,घेण,्यापेक्षा 
घेण्यासाठी ,घेण,्यासाठी 
घेण्यासाठीही ,घेण,्यासाठीही 
घेण्यासारखा ,घेण,्यासारखा 
घेण्यास ,घेण,्यास 
घेण्यात ,घेण,्यात 
घेण्यातच् ,घेण,्यातच् 
जीवघेणा ,घेण,ा 
जीवघेणी ,घेण,ी 
देणीघेणी ,घेण,ी 
देण्याघेण्याचे ,घेण,्याचे 
देण्याघेण्याच्या ,घेण,्याच्या 
देण्याघेण्यासाठी ,घेण,्यासाठी 
घेतल्ं ,घेतल्,ं 
घेतल्ंत ,घेतल्,ंत 
घेतल्या ,घेतल्,या 
घेतल्याखेरीच ,घेतल्,याखेरीच 
घेतल्याशिवाय ,घेतल्,याशिवाय 
घेतल्याच ,घेतल्,याच 
घेतल्याचे ,घेतल्,याचे 
घेतल्याच्या ,घेतल्,याच्या 
घेतल्यानंतर् ,घेतल्,यानंतर् 
घेतल्यास ,घेतल्,यास 
घेतल्यावर् ,घेतल्,यावर् 
ईश्वरीशक्तीचे ,ईश्वरीशक्ती,चे 
झाडा ,झाड,ा 
झाडाझुडपांच्या ,झाड,ाझुडपांच्या 
झाडाखाली ,झाड,ाखाली 
झाडांची ,झाड,ांची 
झाडांचे ,झाड,ांचे 
झाडांच्या ,झाड,ांच्या 
झाडांमध्ये ,झाड,ांमध्ये 
झाडांना ,झाड,ांना 
झाडांविषयी ,झाड,ांविषयी 
झाडाचा ,झाड,ाचा 
झाडाची ,झाड,ाची 
झाडाचे ,झाड,ाचे 
झाडाच्या ,झाड,ाच्या 
झाडाजव्ळ ,झाड,ाजव्ळ 
झाडाकडे ,झाड,ाकडे 
झाडाला ,झाड,ाला 
झाडापासून ,झाड,ापासून 
झाडापुढे ,झाड,ापुढे 
झाडासारखी ,झाड,ासारखी 
झाडासारखे ,झाड,ासारखे 
झाडास ,झाड,ास 
झाडावर् ,झाड,ावर् 
झाडावरील ,झाड,ावरील 
झाडावरून ,झाड,ावरून 
झाडावर्ची ,झाड,ावर्ची 
झाडावर्च ,झाड,ावर्च 
झाडात ,झाड,ात 
झाडातल्ं ,झाड,ातल्ं 
झाडायचे ,झाड,ायचे 
झाडीत ,झाड,ीत 
झाडीतल्या ,झाड,ीतल्या 
झाडून ,झाड,ून 
झाड ,झाड, 
झाडं ,झाड,ं 
झाडणी ,झाड,णी 
झाडणीने ,झाड,णीने 
झाडणीपेक्षा ,झाड,णीपेक्षा 
झाडले ,झाड,ले 
झाडत् ,झाड,त् 
झाडे ,झाड,े 
झाडेदेखील ,झाड,ेदेखील 
फळ्झाडांशी ,झाड,ांशी 
फुलझाडं ,झाड,ं 
फुलझाडे ,झाड,े 
झाल्तं ,झाल्,तं 
झाल्या ,झाल्,या 
झाल्याशिवाय ,झाल्,याशिवाय 
झाल्याबरोबर् ,झाल्,याबरोबर् 
झाल्याचा ,झाल्,याचा 
झाल्याची ,झाल्,याची 
झाल्याच ,झाल्,याच 
झाल्याचं ,झाल्,याचं 
झाल्याचे ,झाल्,याचे 
झाल्याच्या ,झाल्,याच्या 
झाल्यालाही ,झाल्,यालाही 
झाल्याली ,झाल्,याली 
झाल्यामुळे ,झाल्,यामुळे 
झाल्यानंतर् ,झाल्,यानंतर् 
झाल्यानंतर्ची ,झाल्,यानंतर्ची 
झाल्यानंतर्च ,झाल्,यानंतर्च 
झाल्यानंतर्ही ,झाल्,यानंतर्ही 
झाल्याने ,झाल्,याने 
झाल्यापासून ,झाल्,यापासून 
झाल्यापासूनच् ,झाल्,यापासूनच् 
झाल्याप्रमाणे ,झाल्,याप्रमाणे 
झाल्यासारखा ,झाल्,यासारखा 
झाल्यासारख्ं ,झाल्,यासारख्ं 
झाल्यासारखे ,झाल्,यासारखे 
झाल्यास ,झाल्,यास 
झाल्यासच् ,झाल्,यासच् 
झाल्यावाचून ,झाल्,यावाचून 
झाल्यावर् ,झाल्,यावर् 
झाल्यावर्ची ,झाल्,यावर्ची 
झाल्यावर्च ,झाल्,यावर्च 
झाल्यावर्देखील ,झाल्,यावर्देखील 
झाल्यने ,झाल्,यने 
झुडुपाजव्ळ ,झुडुप,ाजव्ळ 
झुडुपातल्ं ,झुडुप,ातल्ं 
खांद्याच्या ,खांद्य,ाच्या 
खांद्याला ,खांद्य,ाला 
खांद्याना ,खांद्य,ाना 
खांद्यावर् ,खांद्य,ावर् 
खांद्यावरून ,खांद्य,ावरून 
खांद्यावर्च्या ,खांद्य,ावर्च्या 
कडेखांद्यावर्च्या ,खांद्य,ावर्च्या 
ऐतखाऊ ,खाऊ, 
खाऊ ,खाऊ, 
खाऊन ,खाऊ,न 
खाऊनबी ,खाऊ,नबी 
खाऊनही ,खाऊ,नही 
खाऊनपिऊन ,खाऊ,नपिऊन 
खाऊपिऊ ,खाऊ,पिऊ 
खाल्ल् ,खाल्ल्, 
खाल्ल्याने ,खाल्ल्,याने 
खाल्ल्यावर् ,खाल्ल्,यावर् 
खात्री ,खात्,री 
खात्रीचा ,खात्,रीचा 
खात्रीच ,खात्,रीच 
खात्रीने ,खात्,रीने 
खात्रीसाठी ,खात्,रीसाठी 
खात्या ,खात्,या 
खात्यांचा ,खात्,यांचा 
खात्यांची ,खात्,यांची 
खात्यांच्या ,खात्,यांच्या 
खात्यांमधील ,खात्,यांमधील 
खात्यांमुळे ,खात्,यांमुळे 
खात्यांना ,खात्,यांना 
खात्यांसाठी ,खात्,यांसाठी 
खात्यांवर् ,खात्,यांवर् 
खात्यांवर्ही ,खात्,यांवर्ही 
खात्यांवर्ली ,खात्,यांवर्ली 
खात्याबाबत् ,खात्,याबाबत् 
खात्याचा ,खात्,याचा 
खात्याची ,खात्,याची 
खात्याचे ,खात्,याचे 
खात्याच्या ,खात्,याच्या 
खात्याकर्ता ,खात्,याकर्ता 
खात्यामध्ये ,खात्,यामध्ये 
खात्यामध्येच ,खात्,यामध्येच 
खात्याने ,खात्,याने 
खात्यासंबंधी ,खात्,यासंबंधी 
खात्यावर् ,खात्,यावर् 
खात्यावरील ,खात्,यावरील 
खात्यावर्च ,खात्,यावर्च 
खात्यावर्सुद्धा ,खात्,यावर्सुद्धा 
खात्यातील ,खात्,यातील 
खात्यातून ,खात्,यातून 
खात्यात ,खात्,यात 
खात्यातच् ,खात्,यातच् 
शिक्षण्खात्यात ,खात्,यात 
ह्यांच्याखात्यांवर् ,खात्,यांवर् 
कृषिखात्यातर्फे ,खात्,यातर्फे 
कर्जखात्यांवर् ,खात्,यांवर् 
कर्जखात्यावर् ,खात्,यावर् 
कर्जखात्यात ,खात्,यात 
लऑकर्खात्यांसंदर्भात ,खात्,यांसंदर्भात 
खेळांशी ,खेळ,ांशी 
खेळांचा ,खेळ,ांचा 
खेळांच्याजुन्या ,खेळ,ांच्याजुन्या 
खेळांमध्ये ,खेळ,ांमध्ये 
खेळाची ,खेळ,ाची 
खेळाचे ,खेळ,ाचे 
खेळाडू ,खेळ,ाडू 
खेळाडूंऐवजी ,खेळ,ाडूंऐवजी 
खेळाडूंना ,खेळ,ाडूंना 
खेळावे ,खेळ,ावे 
खेळात ,खेळ,ात 
खेळातही ,खेळ,ातही 
खेळातले ,खेळ,ातले 
खेळायचा ,खेळ,ायचा 
खेळायच्या ,खेळ,ायच्या 
खेळायला ,खेळ,ायला 
खेळीमेळीचे ,खेळ,ीमेळीचे 
खेळीमेळीने ,खेळ,ीमेळीने 
खेळीमेळीत ,खेळ,ीमेळीत 
खेळू ,खेळ,ू 
खेळून ,खेळ,ून 
खेळ ,खेळ, 
खेळणे ,खेळ,णे 
खेळण्याची ,खेळ,ण्याची 
खेळण्याच्या ,खेळ,ण्याच्या 
खेळण्यामुळे ,खेळ,ण्यामुळे 
खेळण्यासारखे ,खेळ,ण्यासारखे 
खेळण्यात ,खेळ,ण्यात 
खेळही ,खेळ,ही 
खेळले ,खेळ,ले 
खेळसुध्दा ,खेळ,सुध्दा 
खेळवावा ,खेळ,वावा 
खेळवावे ,खेळ,वावे 
खेळवीत ,खेळ,वीत 
खेळव्णाऱ्या ,खेळ,व्णाऱ्या 
खेळविण्याचे ,खेळ,विण्याचे 
खेळव्ले ,खेळ,व्ले 
खेळत् ,खेळ,त् 
खेळता ,खेळ,ता 
खेळताहेत ,खेळ,ताहेत 
खेळताना ,खेळ,ताना 
खेळतात ,खेळ,तात 
खेळते ,खेळ,ते 
खेळत्या ,खेळ,त्या 
खेळे ,खेळ,े 
खेडी ,खेड,ी 
खेडूत ,खेड,ूत 
खेडव्ळांपेकी ,खेड,व्ळांपेकी 
खेडव्ळाचा ,खेड,व्ळाचा 
खेडव्ळाकडून ,खेड,व्ळाकडून 
खेडव्ळाकडे ,खेड,व्ळाकडे 
खेडव्ळाने ,खेड,व्ळाने 
खेडव्ळ ,खेड,व्ळ 
खेडव्ळही ,खेड,व्ळही 
खेडया ,खेड,या 
खेडयांतील ,खेड,यांतील 
खेडयांतून ,खेड,यांतून 
खेडयापाड्यातल्या ,खेड,यापाड्यातल्या 
खेडयातील ,खेड,यातील 
खेडयातले ,खेड,यातले 
खेडे ,खेड,े 
खेडें ,खेड,ें 
खेडेगावाची ,खेड,ेगावाची 
खेडेगावात ,खेड,ेगावात 
खेडेवजाच ,खेड,ेवजाच 
खेडोपाडी ,खेड,ोपाडी 
खेडुताच्या ,खेड,ुताच्या 
खेड्यांचा ,खेड,्यांचा 
खेड्यांतून ,खेड,्यांतून 
खेड्याच्या ,खेड,्याच्या 
खेड्यापाड्यातून ,खेड,्यापाड्यातून 
खेड्यातूनच् ,खेड,्यातूनच् 
खेड्यात ,खेड,्यात 
खेड्यातल्या ,खेड,्यातल्या 
पळ्सखेडच्या ,खेड,च्या 
खिडकी ,खिडकी, 
खिडकीशी ,खिडकी,शी 
खिडकीबाहेर ,खिडकी,बाहेर 
खिडकीच्या ,खिडकी,च्या 
खिडकीजव्ळच्या ,खिडकी,जव्ळच्या 
खिडकीकडे ,खिडकी,कडे 
खिडकीपाशी ,खिडकी,पाशी 
खिडकीतून ,खिडकी,तून 
खिडकीत ,खिडकी,त 
खोळातल्यासारखी ,खोळात,ल्यासारखी 
औषध् ,औषध,् 
औषधांची ,औषध,ांची 
औषधाबद्दल् ,औषध,ाबद्दल् 
औषधाची ,औषध,ाची 
औषधाचे ,औषध,ाचे 
औषधाच्या ,औषध,ाच्या 
औषधाप्रमाणेच ,औषध,ाप्रमाणेच 
औषधासाठीच ,औषध,ासाठीच 
औषधी ,औषध,ी 
औषधे ,औषध,े 
औषधोपचारासाठी ,औषध,ोपचारासाठी 
औषधोपचार ,औषध,ोपचार 
औषध्पाणी ,औषध,्पाणी 
औषध्पाण्यातच् ,औषध,्पाण्यातच् 
औद्योगीकर्णाच्या ,औद्योगीकर्ण,ाच्या 
औद्योगीकर्णामुळे ,औद्योगीकर्ण,ामुळे 
औद्योगीकर्णामुळेच ,औद्योगीकर्ण,ामुळेच 
औद्योगीकर्णाने ,औद्योगीकर्ण,ाने 
औद्योगीकर्णास ,औद्योगीकर्ण,ास 
औद्योगीकर्ण ,औद्योगीकर्ण, 
फळ् ,फळ,् 
फळा ,फळ,ा 
फळांचा ,फळ,ांचा 
फळांची ,फळ,ांची 
फळांच ,फळ,ांच 
फळांचे ,फळ,ांचे 
फळांच्या ,फळ,ांच्या 
फळांना ,फळ,ांना 
फळांतील ,फळ,ांतील 
फळांत ,फळ,ांत 
फळाफुलांनी ,फळ,ाफुलांनी 
फळाची ,फळ,ाची 
फळाच्या ,फळ,ाच्या 
फळाला ,फळ,ाला 
फळामध्ये ,फळ,ामध्ये 
फळापरि ,फळ,ापरि 
फळापेक्षा ,फळ,ापेक्षा 
फळावर् ,फळ,ावर् 
फळातील ,फळ,ातील 
फळात ,फळ,ात 
फळी ,फळ,ी 
फळीवर् ,फळ,ीवर् 
फळ्झाडांशी ,फळ,्झाडांशी 
फळ्ं ,फळ,्ं 
फळ्णीकर् ,फळ,्णीकर् 
फळे ,फळ,े 
फळ्काढणीचे ,फळ,्काढणीचे 
फळ्कूट ,फळ,्कूट 
फळ्कूटयांच्या ,फळ,्कूटयांच्या 
फळ्कुटावर् ,फळ,्कुटावर् 
फळ्त ,फळ,्त 
फळ्या ,फळ,्या 
फळ्यांना ,फळ,्यांना 
फळ्यांवर् ,फळ,्यांवर् 
फळ्याजव्ळ ,फळ,्याजव्ळ 
फळ्याजव्ळच्या ,फळ,्याजव्ळच्या 
फळ्यासमोर ,फळ,्यासमोर 
श्रीफळ् ,फळ,् 
निष्फळ्ही ,फळ,्ही 
पोफळी ,फळ,ी 
फळ् ,फळ्, 
फळ्झाडांशी ,फळ्,झाडांशी 
फळ्ं ,फळ्,ं 
फळ्णीकर् ,फळ्,णीकर् 
फळ्काढणीचे ,फळ्,काढणीचे 
फळ्कूट ,फळ्,कूट 
फळ्कूटयांच्या ,फळ्,कूटयांच्या 
फळ्कुटावर् ,फळ्,कुटावर् 
फळ्त ,फळ्,त 
फळ्या ,फळ्,या 
फळ्यांना ,फळ्,यांना 
फळ्यांवर् ,फळ्,यांवर् 
फळ्याजव्ळ ,फळ्,याजव्ळ 
फळ्याजव्ळच्या ,फळ्,याजव्ळच्या 
फळ्यासमोर ,फळ्,यासमोर 
श्रीफळ् ,फळ्, 
निष्फळ्ही ,फळ्,ही 
फिरणारा ,फिरण,ारा 
फिरणारी ,फिरण,ारी 
फिरणाऱ्या ,फिरण,ाऱ्या 
फिरणारे ,फिरण,ारे 
फिरणे ,फिरण,े 
फिरण्याच्या ,फिरण,्याच्या 
फिरण्यासाठी ,फिरण,्यासाठी 
घर्फोडया ,फोड,या 
फोडायचा ,फोड,ायचा 
फोडीत ,फोड,ीत 
फोडू ,फोड,ू 
फोडून ,फोड,ून 
फोड ,फोड, 
फोडणे ,फोड,णे 
फोडण्यात ,फोड,ण्यात 
फोडलीत ,फोड,लीत 
फोडले ,फोड,ले 
फोडलेला ,फोड,लेला 
फोडल्यास ,फोड,ल्यास 
फोडता ,फोड,ता 
कर्जफोडीची ,फोड,ीची 
कर्जफोड ,फोड, 
शाखा ,शाख,ा 
शाखांचे ,शाख,ांचे 
शाखांमध्ये ,शाख,ांमध्ये 
शाखांतील ,शाख,ांतील 
शाखांत ,शाख,ांत 
शाखावाढीसंबंधी ,शाख,ावाढीसंबंधी 
शाखातून ,शाख,ातून 
शाखेचेही ,शाख,ेचेही 
शाखेला ,शाख,ेला 
शाखेलाही ,शाख,ेलाही 
शाखेसह् ,शाख,ेसह् 
शाखेवर् ,शाख,ेवर् 
शाखेतील ,शाख,ेतील 
शाखेतून ,शाख,ेतून 
शाखेत ,शाख,ेत 
शास्त्रशाखा ,शाख,ा 
अशाखेरीज ,शाख,ेरीज 
पोशाखावरून ,शाख,ावरून 
पोशाखातही ,शाख,ातही 
वर्शाखालील ,शाख,ालील 
विशाखा ,शाख,ा 
विज्ञानशाखेत ,शाख,ेत 
अधिकाराखालील ,अधिकार,ाखालील 
अधिकारांचे ,अधिकार,ांचे 
अधिकारांच्या ,अधिकार,ांच्या 
अधिकाराची ,अधिकार,ाची 
अधिकाराच्या ,अधिकार,ाच्या 
अधिकाराक ,अधिकार,ाक 
अधिकारामुळे ,अधिकार,ामुळे 
अधिकारात ,अधिकार,ात 
अधिकारी ,अधिकार,ी 
अधिकारीगण् ,अधिकार,ीगण् 
अधिकाऱ्यांचा ,अधिकार,़्यांचा 
अधिकाऱ्यांची ,अधिकार,़्यांची 
अधिकाऱ्यांचे ,अधिकार,़्यांचे 
अधिकाऱ्यांच्या ,अधिकार,़्यांच्या 
अधिकाऱ्यांकडे ,अधिकार,़्यांकडे 
अधिकाऱ्यांना ,अधिकार,़्यांना 
अधिकाऱ्यांनी ,अधिकार,़्यांनी 
अधिकाऱ्याची ,अधिकार,़्याची 
अधिकाऱ्याच्या ,अधिकार,़्याच्या 
अधिकाऱ्याकडे ,अधिकार,़्याकडे 
अधिकाऱ्याना ,अधिकार,़्याना 
अधिकाऱ्याने ,अधिकार,़्याने 
अधिकाऱ्यावर् ,अधिकार,़्यावर् 
अधिकार ,अधिकार, 
अधिकारच् ,अधिकार,च् 
अधिकारक् ,अधिकार,क् 
अधिकारप्राप्ती ,अधिकार,प्राप्ती 
अधिकारप्रदानास ,अधिकार,प्रदानास 
अधिकारप्त्र ,अधिकार,प्त्र 
अधिकारयोगही ,अधिकार,योगही 
अक्षर् ,अक्षर,् 
अक्षरांबरोबर् ,अक्षर,ांबरोबर् 
अक्षरांची ,अक्षर,ांची 
अक्षरांना ,अक्षर,ांना 
अक्षरांत ,अक्षर,ांत 
अक्षराला ,अक्षर,ाला 
अक्षरात ,अक्षर,ात 
अक्षरी ,अक्षर,ी 
अक्षर्श ,अक्षर,्श 
अक्षर्शः ,अक्षर,्शः 
अक्षरे ,अक्षर,े 
अक्षर्ही ,अक्षर,्ही 
अक्षर्न् ,अक्षर,्न् 
अनुभव् ,अनुभव्, 
अनुभव्च ,अनुभव्,च 
अनुभव्ही ,अनुभव्,ही 
अनुभव्जन्य ,अनुभव्,जन्य 
अनुभव्लंच ,अनुभव्,लंच 
अनुभव्लंय ,अनुभव्,लंय 
अनुभव्लेला ,अनुभव्,लेला 
अनुभव्लेले ,अनुभव्,लेले 
अनुभव्लेल्या ,अनुभव्,लेल्या 
अनुभव्नाने ,अनुभव्,नाने 
अनुभव्पूर्ण ,अनुभव्,पूर्ण 
अनुभव्सिद्ध ,अनुभव्,सिद्ध 
अनुवांशिक ,अनुवांशिक, 
अनुवांशिकता ,अनुवांशिक,ता 
अनुवांशिकतेच्या ,अनुवांशिक,तेच्या 
अनुवांशिकतेमुळे ,अनुवांशिक,तेमुळे 
अनुवांशिकतेवर् ,अनुवांशिक,तेवर् 
अर्थव्यव्हारांवर् ,अर्थव्यव्हार,ांवर् 
अर्थव्यव्हाराचा ,अर्थव्यव्हार,ाचा 
अर्थव्यव्हाराच्या ,अर्थव्यव्हार,ाच्या 
अर्थव्यव्हाराला ,अर्थव्यव्हार,ाला 
अर्थव्यव्हारास ,अर्थव्यव्हार,ास 
अर्थव्यव्हारासंबंधीचे ,अर्थव्यव्हार,ासंबंधीचे 
अर्थव्यव्हारावर् ,अर्थव्यव्हार,ावर् 
अर्थव्यव्हार ,अर्थव्यव्हार, 
असणाऱ्या ,असणाऱ्,या 
असणाऱ्यांचा ,असणाऱ्,यांचा 
असणाऱ्यांनी ,असणाऱ्,यांनी 
असणाऱ्याचा ,असणाऱ्,याचा 
असल्या ,असल्,या 
असल्याशिवाय ,असल्,याशिवाय 
असल्याबद्दल् ,असल्,याबद्दल् 
असल्याचा ,असल्,याचा 
असल्याची ,असल्,याची 
असल्याचं ,असल्,याचं 
असल्याचे ,असल्,याचे 
असल्याचेही ,असल्,याचेही 
असल्याकारणाने ,असल्,याकारणाने 
असल्यामिळे ,असल्,यामिळे 
असल्यामुळ ,असल्,यामुळ 
असल्यामुळं ,असल्,यामुळं 
असल्यामुळे ,असल्,यामुळे 
असल्यानं ,असल्,यानं 
असल्याने ,असल्,याने 
असल्यानेच ,असल्,यानेच 
असल्यापासून ,असल्,यापासून 
असल्याप्रमाणे ,असल्,याप्रमाणे 
असल्यासारखा ,असल्,यासारखा 
असल्यासारखी ,असल्,यासारखी 
असल्यासारखीच ,असल्,यासारखीच 
असल्यासारखे ,असल्,यासारखे 
असल्यास ,असल्,यास 
असल्यासच् ,असल्,यासच् 
असल्यासही ,असल्,यासही 
असल्यावर् ,असल्,यावर् 
माट्यांचा ,माट्,यांचा 
माट्यांची ,माट्,यांची 
माट्यांचे ,माट्,यांचे 
माट्यांच्या ,माट्,यांच्या 
माट्यांनी ,माट्,यांनी 
माट्यांनीच ,माट्,यांनीच 
मातापित्याच्या ,मातापित्,याच्या 
अलाबामातील ,माती,ल 
अलबामातील ,माती,ल 
जातीजमातींची ,माती,ंची 
जातीजमातींना ,माती,ंना 
जातीजमातींसाठीच्या ,माती,ंसाठीच्या 
जातीजमातींतली ,माती,ंतली 
जमाती ,माती, 
जमातींना ,माती,ंना 
जमातीचे ,माती,चे 
जमातीच्या ,माती,च्या 
जमातीवर् ,माती,वर् 
कामातील ,माती,ल 
लग्नद्शमातील ,माती,ल 
माती ,माती, 
मातीचा ,माती,चा 
मातीची ,माती,ची 
मातीचं ,माती,चं 
मातीचे ,माती,चे 
मातीकामाचे ,माती,कामाचे 
मातीला ,माती,ला 
मातीने ,माती,ने 
मातीपासून ,माती,पासून 
मातीतून ,माती,तून 
मातीत ,माती,त 
मोसमातील ,माती,ल 
पंचमातील ,माती,ल 
सप्तमातील ,माती,ल 
सिनेमातील ,माती,ल 
उत्तमातील ,माती,ल 
विनियमातील ,माती,ल 
दश्मातील ,माती,ल 
मृतदेहांच्या ,मृतदेह,ांच्या 
मृतदेहाला ,मृतदेह,ाला 
मृतदेह ,मृतदेह, 
मृतदेहही ,मृतदेह,ही 
बालमृत्यूंचे ,मृत्यू,ंचे 
बालमृत्यूचे ,मृत्यू,चे 
जन्ममृत्यूच्या ,मृत्यू,च्या 
मृत्यू ,मृत्यू, 
मृत्यूशी ,मृत्यू,शी 
मृत्यूबद्दल् ,मृत्यू,बद्दल् 
मृत्यूचा ,मृत्यू,चा 
मृत्यूची ,मृत्यू,ची 
मृत्यूच ,मृत्यू,च 
मृत्यूचं ,मृत्यू,चं 
मृत्यूचे ,मृत्यू,चे 
मृत्यूच्या ,मृत्यू,च्या 
मृत्यूच्यावेळी ,मृत्यू,च्यावेळी 
मृत्यूही ,मृत्यू,ही 
मृत्यूला ,मृत्यू,ला 
मृत्यूलोकात ,मृत्यू,लोकात 
मृत्यूमुळे ,मृत्यू,मुळे 
मृत्यून ,मृत्यू,न 
मृत्यूनं ,मृत्यू,नं 
मृत्यूनंतर् ,मृत्यू,नंतर् 
मृत्यूनंतर्चा ,मृत्यू,नंतर्चा 
मृत्यूनंतर्चे ,मृत्यू,नंतर्चे 
मृत्यूनंतर्च्या ,मृत्यू,नंतर्च्या 
मृत्यूनंतर्ही ,मृत्यू,नंतर्ही 
मृत्यूनेच ,मृत्यू,नेच 
मृत्यूपर्यंत ,मृत्यू,पर्यंत 
मृत्यूपर्यंतच्या ,मृत्यू,पर्यंतच्या 
मृत्यूपत्र ,मृत्यू,पत्र 
महामृत्यू ,मृत्यू, 
मूलत्त्त्वांवर् ,मूलत्त्त्व,ांवर् 
मूलत्त्त्वांतून ,मूलत्त्त्व,ांतून 
मूलत्त्त्वे ,मूलत्त्त्व,े 
मूल्यामूल्यविवेकाला ,मूल्यामूल्यविवेक,ाला 
मूल्यामूल्यविवेक ,मूल्यामूल्यविवेक, 
मूल्यनिर्मितीवरून ,मूल्यनिर्मिती,वरून 
मूर्खप्णा ,मूर्खप्णा, 
मूर्खप्णाचे ,मूर्खप्णा,चे 
मूर्खप्णाचेच ,मूर्खप्णा,चेच 
मऑड्यूलेशन्स ,मऑड्यूलेशन,्स 
मऑडर्न ,मऑडर्न, 
मऑडर्नच्ं ,मऑडर्न,च्ं 
मऑडर्नक्डे ,मऑडर्न,क्डे 
मऑडर्नला ,मऑडर्न,ला 
मऑडर्नम्धे ,मऑडर्न,म्धे 
मऑडर्नम्ध्येच ,मऑडर्न,म्ध्येच 
मऑडर्नर्ला ,मऑडर्न,र्ला 
मऑरिशम्धील ,मऑरिशम,्धील 
मऑरिशम्ध्ये ,मऑरिशम,्ध्ये 
मघा ,मघा, 
मघाच ,मघा,च 
मघाचे ,मघा,चे 
मघापासून ,मघा,पासून 
मख्खप्णे ,मख्ख,प्णे 
मंडळ् ,मंडळ,् 
मंडळांवर् ,मंडळ,ांवर् 
मंडळाचा ,मंडळ,ाचा 
मंडळाची ,मंडळ,ाची 
मंडळाचे ,मंडळ,ाचे 
मंडळाच्या ,मंडळ,ाच्या 
मंडळामार्फत् ,मंडळ,ामार्फत् 
मंडळाने ,मंडळ,ाने 
मंडळापेकी ,मंडळ,ापेकी 
मंडळावर् ,मंडळ,ावर् 
मंडळात ,मंडळ,ात 
मंडळातर्फे ,मंडळ,ातर्फे 
मंडळी ,मंडळ,ी 
मंडळींचा ,मंडळ,ींचा 
मंडळींचाही ,मंडळ,ींचाही 
मंडळींची ,मंडळ,ींची 
मंडळींचे ,मंडळ,ींचे 
मंडळींच्या ,मंडळ,ींच्या 
मंडळींना ,मंडळ,ींना 
मंडळींनी ,मंडळ,ींनी 
मंडळीबरोबर् ,मंडळ,ीबरोबर् 
मंडळीचा ,मंडळ,ीचा 
मंडळीची ,मंडळ,ीची 
मंडळीच ,मंडळ,ीच 
मंडळीचे ,मंडळ,ीचे 
मंडळीच्या ,मंडळ,ीच्या 
मंडळीही ,मंडळ,ीही 
मंडळीमध्ये ,मंडळ,ीमध्ये 
मंडळीना ,मंडळ,ीना 
मंडळीनाही ,मंडळ,ीनाही 
मंडळीनी ,मंडळ,ीनी 
मंडळीपेकी ,मंडळ,ीपेकी 
मंडळीसारखी ,मंडळ,ीसारखी 
मंडळीसह् ,मंडळ,ीसह् 
मंडळीसमोर ,मंडळ,ीसमोर 
मंडळीत ,मंडळ,ीत 
मंडळीतला ,मंडळ,ीतला 
मंडळीतले ,मंडळ,ीतले 
मंडळे ,मंडळ,े 
मंडळ्यांचे ,मंडळ,्यांचे 
मंडळ्यांच्या ,मंडळ,्यांच्या 
मंडळ्यांतले ,मंडळ,्यांतले 
मंत्रीमंडळाचे ,मंडळ,ाचे 
महामंडळांची ,मंडळ,ांची 
महामंडळांचे ,मंडळ,ांचे 
महामंडळे ,मंडळ,े 
नाटक्मंडळी ,मंडळ,ी 
नट्मंडळी ,मंडळ,ी 
निर्मातेमंडळीत ,मंडळ,ीत 
पाहुणेमंडळी ,मंडळ,ी 
पत्मंडळाची ,मंडळ,ाची 
मंडळी ,मंडळी, 
मंडळींचा ,मंडळी,ंचा 
मंडळींचाही ,मंडळी,ंचाही 
मंडळींची ,मंडळी,ंची 
मंडळींचे ,मंडळी,ंचे 
मंडळींच्या ,मंडळी,ंच्या 
मंडळींना ,मंडळी,ंना 
मंडळींनी ,मंडळी,ंनी 
मंडळीबरोबर् ,मंडळी,बरोबर् 
मंडळीचा ,मंडळी,चा 
मंडळीची ,मंडळी,ची 
मंडळीच ,मंडळी,च 
मंडळीचे ,मंडळी,चे 
मंडळीच्या ,मंडळी,च्या 
मंडळीही ,मंडळी,ही 
मंडळीमध्ये ,मंडळी,मध्ये 
मंडळीना ,मंडळी,ना 
मंडळीनाही ,मंडळी,नाही 
मंडळीनी ,मंडळी,नी 
मंडळीपेकी ,मंडळी,पेकी 
मंडळीसारखी ,मंडळी,सारखी 
मंडळीसह् ,मंडळी,सह् 
मंडळीसमोर ,मंडळी,समोर 
मंडळीत ,मंडळी,त 
मंडळीतला ,मंडळी,तला 
मंडळीतले ,मंडळी,तले 
नाटक्मंडळी ,मंडळी, 
नट्मंडळी ,मंडळी, 
निर्मातेमंडळीत ,मंडळी,त 
पाहुणेमंडळी ,मंडळी, 
मंदिरप्रवेशाच्या ,मंदिरप्रवेश,ाच्या 
आभ्यासामध्येही ,मध्,येही 
आईमध्ला ,मध्,ला 
आईमध्ये ,मध्,ये 
आवडीमध्ये ,मध्,ये 
आयुष्यामध्ये ,मध्,ये 
ऑक्टोबर्मध्ये ,मध्,ये 
भागीदारांमध्ये ,मध्,ये 
भारतामध्ये ,मध्,ये 
भेटीगाठींमध्ये ,मध्,ये 
भिंगरीमध्ये ,मध्,ये 
भिंतीमध्ये ,मध्,ये 
छातीमध्ये ,मध्,ये 
घाईमध्ये ,मध्,ये 
घरामध्ये ,मध्,ये 
घट्कांमध्ये ,मध्,ये 
घट्नांमध्ये ,मध्,ये 
झाडांमध्ये ,मध्,ये 
खात्यामध्ये ,मध्,ये 
खात्यामध्येच ,मध्,येच 
खरेदीमध्ये ,मध्,ये 
खेळांमध्ये ,मध्,ये 
फळामध्ये ,मध्,ये 
फंडस्मध्ये ,मध्,ये 
फलितांमध्ये ,मध्,ये 
फॅशन्मध्ये ,मध्,ये 
फेब्रुवारीमध्ये ,मध्,ये 
फ्रानस्मध्ल्या ,मध्,ल्या 
ऋतूमध्ये ,मध्,ये 
शाखांमध्ये ,मध्,ये 
शाळेमध्ये ,मध्,ये 
शास्त्रामध्ये ,मध्,ये 
शब्दांमध्ये ,मध्,ये 
शह्रांमध्ये ,मध्,ये 
शह्रामध्ये ,मध्,ये 
शिक्षणामध्ये ,मध्,ये 
ठेवींमध्ये ,मध्,ये 
थिएटर्मध्ये ,मध्,ये 
थिएटर्मध्येच ,मध्,येच 
धार्मिकतेमध्ये ,मध्,ये 
धर्मामध्ये ,मध्,ये 
धुमध्डाक्याने ,मध्,डाक्याने 
धुमध्डाक्यात ,मध्,डाक्यात 
अभिनयामध्ये ,मध्,ये 
अर्थव्यव्स्थेमध्ये ,मध्,ये 
अवशेषामध्ये ,मध्,ये 
बाथरूमध्ये ,मध्,ये 
बाबींमध्ये ,मध्,ये 
बाहुलीमध्ये ,मध्,ये 
बारामध्ली ,मध्,ली 
बादशाहिमध्ला ,मध्,ला 
बँकांमध्ये ,मध्,ये 
बँकामध्ये ,मध्,ये 
बँकेमध्ये ,मध्,ये 
बस्मध्लं ,मध्,लं 
बस्मध्ये ,मध्,ये 
बेल्जम्मध्ल्या ,मध्,ल्या 
चळ्वळीमध्येही ,मध्,येही 
चित्रप्टाचगृहामध्ये ,मध्,ये 
चित्रप्टामध्ये ,मध्,ये 
चित्रप्टगृहामध्ये ,मध्,ये 
चित्रप्टसृष्टीमध्ये ,मध्,ये 
डऑक्टरांच्यामध्ये ,मध्,ये 
ड्रायर्मध्ये ,मध्,ये 
एप्रिमध्ये ,मध्,ये 
गण्नेमध्ये ,मध्,ये 
गटामध्ये ,मध्,ये 
गट्सभांमध्ये ,मध्,ये 
गिरणीमध्ये ,मध्,ये 
गोंधळामध्ये ,मध्,ये 
गोष्टींमध्ये ,मध्,ये 
ग्रहांमध्ये ,मध्,ये 
हालचालींमध्ये ,मध्,ये 
हातांमध्ये ,मध्,ये 
हऑस्पिटल्मध्ल्या ,मध्,ल्या 
हऑस्पिटल्मध्ये ,मध्,ये 
हिंदीमध्ये ,मध्,ये 
ह्यामध्ये ,मध्,ये 
इंग्लड्ंमध्ये ,मध्,ये 
इंग्लड्मध्ये ,मध्,ये 
इटंरव्हल्मध्ये ,मध्,ये 
इटलीमध्ये ,मध्,ये 
जगामध्ये ,मध्,ये 
जन्मामध्ये ,मध्,ये 
जन्मकुंडलीमध्ये ,मध्,ये 
जर्मनीमध्ये ,मध्,ये 
कामांमध्ये ,मध्,ये 
कामध्ंदा ,मध्,ंदा 
कार्यामध्ये ,मध्,ये 
कृतींमध्ये ,मध्,ये 
कृतीमध्ये ,मध्,ये 
क्षेत्रामध्ये ,मध्,ये 
कूपेमध्ये ,मध्,ये 
कऑटस्मध्ये ,मध्,ये 
कंपनीमध्ये ,मध्,ये 
कंपन्यामध्ये ,मध्,ये 
कलेमध्ये ,मध्,ये 
कप्प्यांमध्ये ,मध्,ये 
कर्मचाऱ्यांमध्ये ,मध्,ये 
कस्टम्मध्ये ,मध्,ये 
कॅनडामध्ये ,मध्,ये 
कॅनडामध्येही ,मध्,येही 
किल्ल्यामध्ये ,मध्,ये 
क्लब्मध्ये ,मध्,ये 
कोकणीमध्ये ,मध्,ये 
क्रियांमध्ये ,मध्,ये 
लऑकर्मध्ये ,मध्,ये 
लंडन्मध्ये ,मध्,ये 
लोटस्मध्ये ,मध्,ये 
माझ्यामध्ये ,मध्,ये 
माणसांमध्ल्या ,मध्,ल्या 
मंडळीमध्ये ,मध्,ये 
मध्ला ,मध्,ला 
मध्लाच ,मध्,लाच 
मध्ले ,मध्,ले 
मध्ल्या ,मध्,ल्या 
मधोमध् ,मध्, 
मध्याच्याही ,मध्,याच्याही 
मध्यापासून ,मध्,यापासून 
मध्यावर् ,मध्,यावर् 
मध्य ,मध्,य 
मध्यभागी ,मध्,यभागी 
मध्यभाग ,मध्,यभाग 
मध्यंतर् ,मध्,यंतर् 
मध्यंतरामध्ये ,मध्,यंतरा
मध्यंतरामध्येही ,मध्,यंतरा
मध्यंतरात ,मध्,यंतरात 
मध्यंतरी ,मध्,यंतरी 
मध्यंतरीच्या ,मध्,यंतरीच्या 
मध्यबिंदूवरून ,मध्,यबिंदूवरून 
मध्यकाल ,मध्,यकाल 
मध्यम् ,मध्,यम् 
मध्यम्वर्गीय ,मध्,यम्वर्गीय 
मध्यम्वयीन ,मध्,यम्वयीन 
मध्यप्रांतात ,मध्,यप्रांतात 
मध्यरात्री ,मध्,यरात्री 
मध्यस्थांचा ,मध्,यस्थांचा 
मध्यस्थांची ,मध्,यस्थांची 
मध्यस्थ ,मध्,यस्थ 
मध्यव्र्ती ,मध्,यव्र्ती 
मध्यव्वर्ती ,मध्,यव्वर्ती 
मध्ये ,मध्,ये 
मध्येच ,मध्,येच 
मह्त्वाकांक्षेमध्ये ,मध्,ये 
मराठवाड्यामध्ये ,मध्,ये 
मस्त्यग्ंधामध्ये ,मध्,ये 
मेंदूमध्ये ,मध्,ये 
मिशन्मध्ये ,मध्,ये 
मोजणीमध्ये ,मध्,ये 
मुखशास्त्रामध्ये ,मध्,ये 
मुंबईमध्ये ,मध्,ये 
मुलांमध्ले ,मध्,ले 
मुलामध्ये ,मध्,ये 
मुलींमध्ये ,मध्,ये 
मुदतीमध्ये ,मध्,ये 
नाकातोडांमध्ये ,मध्,ये 
नाटकामध्ये ,मध्,ये 
नव्मांशामध्ये ,मध्,ये 
निवड्णुकीमध्ये ,मध्,ये 
निवड्णुकीमध्ये ,मध्,ये 
नियंत्रणामध्ये ,मध्,ये 
नियंत्रणामध्येही ,मध्,येही 
नियंत्रण्पद्धतीमध्ये ,मध्,ये 
नोंदीमध्ये ,मध्,ये 
नोकरीमध्ये ,मध्,ये 
नोव्हेंबर्मध्ये ,मध्,ये 
पांडवांमध्ये ,मध्,ये 
पाहण्यामध्ये ,मध्,ये 
पापग्रहांमध्ये ,मध्,ये 
पंचायत्मध्ये ,मध्,ये 
परिस्थितीमध्ये ,मध्,ये 
पत्नीमध्ये ,मध्,ये 
पद्धतीमध्ये ,मध्,ये 
पेपरामध्ये ,मध्,ये 
पेपर्मध्ला ,मध्,ला 
पिण्यामध्ये ,मध्,ये 
प्लॅस्टर्मध्ला ,मध्,ला 
प्रमाणांमध्ये ,मध्,ये 
प्रद्र्शनामध्ये ,मध्,ये 
प्रेक्षकांमध्ये ,मध्,ये 
प्रेमामध्ये ,मध्,ये 
पुण्यामध्ये ,मध्,ये 
पुण्यामध्येही ,मध्,येही 
राष्ट्रांमध्ये ,मध्,ये 
राशीमध्ला ,मध्,ला 
राशीमध्ये ,मध्,ये 
रूपामध्ये ,मध्,ये 
रजिस्टर्मध्ये ,मध्,ये 
रेखांकनामध्ये ,मध्,ये 
रेषांमध्ये ,मध्,ये 
रोजगारामध्ये ,मध्,ये 
साठयामध्ये ,मध्,ये 
साधनामध्ये ,मध्,ये 
सामुद्रिकामध्ये ,मध्,ये 
साप्तहिकामध्ये ,मध्,ये 
स्थानामध्ये ,मध्,ये 
संघट्नांमध्ये ,मध्,ये 
संसारामध्ये ,मध्,ये 
संस्थांमध्ये ,मध्,ये 
संस्थेमध्ये ,मध्,ये 
संस्करामध्येही ,मध्,येही 
संदर्भामध्ये ,मध्,ये 
समाजामध्ये ,मध्,ये 
सद्स्यांमध्ये ,मध्,ये 
सेवांमध्ये ,मध्,ये 
स्नायूंमध्ये ,मध्,ये 
स्पर्धेमध्ये ,मध्,ये 
स्टेशन्मध्ये ,मध्,ये 
स्टेशन्मध्येच ,मध्,येच 
स्टुडिओमध्ये ,मध्,ये 
स्टुडिओमध्येच ,मध्,येच 
सुधारणांमध्ये ,मध्,ये 
सुवासिनीमध्ये ,मध्,ये 
स्वभावप्रकृतीमध्ये ,मध्,ये 
स्त्रियांमध्ये ,मध्,ये 
टप्प्यामध्ये ,मध्,ये 
ट्रेमध्ये ,मध्,ये 
उजेडामध्ये ,मध्,ये 
उत्पादनामध्ये ,मध्,ये 
उत्पन्नामध्ये ,मध्,ये 
उद्विग्नेमध्ये ,मध्,ये 
उद्दिष्टांमध्ये ,मध्,ये 
वातावर्णामध्ये ,मध्,ये 
वस्तूमध्ये ,मध्,ये 
वयामध्ये ,मध्,ये 
वेश्ष्टयामध्ये ,मध्,ये 
व्हरांडयामध्ये ,मध्,ये 
विंशोपकामध्ये ,मध्,ये 
विंगेमध्ये ,मध्,ये 
विषयांमध्ये ,मध्,ये 
विज्ञानामध्ये ,मध्,ये 
विकेंद्रीकर्णामध्ये ,मध्,ये 
विवर्णांमध्ये ,मध्,ये 
व्याख्यांमध्ये ,मध्,ये 
व्याख्येमध्ये ,मध्,ये 
व्यक्तींमध्ये ,मध्,ये 
व्यक्तीमध्ये ,मध्,ये 
व्यक्तिमत्त्वामध्येच ,मध्,येच 
व्यव्हारामध्ये ,मध्,ये 
व्यव्सायामध्ये ,मध्,ये 
व्यव्स्थापनामध्ये ,मध्,ये 
व्यव्स्थेमध्ये ,मध्,ये 
तापामध्ये ,मध्,ये 
तळ्हातांमध्ये ,मध्,ये 
तत्त्वामध्ये ,मध्,ये 
तयारीमध्ये ,मध्,ये 
तिच्यामध्ये ,मध्,ये 
तोंडामध्ये ,मध्,ये 
तुझ्यामध्ये ,मध्,ये 
तुकेमध्ल्या ,मध्,ल्या 
त्यांच्यामध्ल्या ,मध्,ल्या 
त्यांच्यामध्ये ,मध्,ये 
त्यांमध्ये ,मध्,ये 
त्यामध्ये ,मध्,ये 
दौलताबादजातीमध्ये ,मध्,ये 
देशांमध्ये ,मध्,ये 
देशामध्ये ,मध्,ये 
दोघांमध्ल्या ,मध्,ल्या 
दोघांमध्ये ,मध्,ये 
दोहोंमध्ये ,मध्,ये 
दोन्हीमध्ये ,मध्,ये 
यांच्यामध्ये ,मध्,ये 
यांमध्ये ,मध्,ये 
यामध्ये ,मध्,ये 
योजनांमध्ये ,मध्,ये 
योजनेमध्ये ,मध्,ये 
मधुकर् ,मधुकर्, 
मधुकर्ला ,मधुकर्,ला 
आभ्यासामध्येही ,मध्य,ेही 
आईमध्ये ,मध्य,े 
आवडीमध्ये ,मध्य,े 
आयुष्यामध्ये ,मध्य,े 
ऑक्टोबर्मध्ये ,मध्य,े 
भागीदारांमध्ये ,मध्य,े 
भारतामध्ये ,मध्य,े 
भेटीगाठींमध्ये ,मध्य,े 
भिंगरीमध्ये ,मध्य,े 
भिंतीमध्ये ,मध्य,े 
छातीमध्ये ,मध्य,े 
घाईमध्ये ,मध्य,े 
घरामध्ये ,मध्य,े 
घट्कांमध्ये ,मध्य,े 
घट्नांमध्ये ,मध्य,े 
झाडांमध्ये ,मध्य,े 
खात्यामध्ये ,मध्य,े 
खात्यामध्येच ,मध्य,ेच 
खरेदीमध्ये ,मध्य,े 
खेळांमध्ये ,मध्य,े 
फळामध्ये ,मध्य,े 
फंडस्मध्ये ,मध्य,े 
फलितांमध्ये ,मध्य,े 
फॅशन्मध्ये ,मध्य,े 
फेब्रुवारीमध्ये ,मध्य,े 
ऋतूमध्ये ,मध्य,े 
शाखांमध्ये ,मध्य,े 
शाळेमध्ये ,मध्य,े 
शास्त्रामध्ये ,मध्य,े 
शब्दांमध्ये ,मध्य,े 
शह्रांमध्ये ,मध्य,े 
शह्रामध्ये ,मध्य,े 
शिक्षणामध्ये ,मध्य,े 
ठेवींमध्ये ,मध्य,े 
थिएटर्मध्ये ,मध्य,े 
थिएटर्मध्येच ,मध्य,ेच 
धार्मिकतेमध्ये ,मध्य,े 
धर्मामध्ये ,मध्य,े 
अभिनयामध्ये ,मध्य,े 
अर्थव्यव्स्थेमध्ये ,मध्य,े 
अवशेषामध्ये ,मध्य,े 
बाथरूमध्ये ,मध्य,े 
बाबींमध्ये ,मध्य,े 
बाहुलीमध्ये ,मध्य,े 
बँकांमध्ये ,मध्य,े 
बँकामध्ये ,मध्य,े 
बँकेमध्ये ,मध्य,े 
बस्मध्ये ,मध्य,े 
चळ्वळीमध्येही ,मध्य,ेही 
चित्रप्टाचगृहामध्ये ,मध्य,े 
चित्रप्टामध्ये ,मध्य,े 
चित्रप्टगृहामध्ये ,मध्य,े 
चित्रप्टसृष्टीमध्ये ,मध्य,े 
डऑक्टरांच्यामध्ये ,मध्य,े 
ड्रायर्मध्ये ,मध्य,े 
एप्रिमध्ये ,मध्य,े 
गण्नेमध्ये ,मध्य,े 
गटामध्ये ,मध्य,े 
गट्सभांमध्ये ,मध्य,े 
गिरणीमध्ये ,मध्य,े 
गोंधळामध्ये ,मध्य,े 
गोष्टींमध्ये ,मध्य,े 
ग्रहांमध्ये ,मध्य,े 
हालचालींमध्ये ,मध्य,े 
हातांमध्ये ,मध्य,े 
हऑस्पिटल्मध्ये ,मध्य,े 
हिंदीमध्ये ,मध्य,े 
ह्यामध्ये ,मध्य,े 
इंग्लड्ंमध्ये ,मध्य,े 
इंग्लड्मध्ये ,मध्य,े 
इटंरव्हल्मध्ये ,मध्य,े 
इटलीमध्ये ,मध्य,े 
जगामध्ये ,मध्य,े 
जन्मामध्ये ,मध्य,े 
जन्मकुंडलीमध्ये ,मध्य,े 
जर्मनीमध्ये ,मध्य,े 
कामांमध्ये ,मध्य,े 
कार्यामध्ये ,मध्य,े 
कृतींमध्ये ,मध्य,े 
कृतीमध्ये ,मध्य,े 
क्षेत्रामध्ये ,मध्य,े 
कूपेमध्ये ,मध्य,े 
कऑटस्मध्ये ,मध्य,े 
कंपनीमध्ये ,मध्य,े 
कंपन्यामध्ये ,मध्य,े 
कलेमध्ये ,मध्य,े 
कप्प्यांमध्ये ,मध्य,े 
कर्मचाऱ्यांमध्ये ,मध्य,े 
कस्टम्मध्ये ,मध्य,े 
कॅनडामध्ये ,मध्य,े 
कॅनडामध्येही ,मध्य,ेही 
किल्ल्यामध्ये ,मध्य,े 
क्लब्मध्ये ,मध्य,े 
कोकणीमध्ये ,मध्य,े 
क्रियांमध्ये ,मध्य,े 
लऑकर्मध्ये ,मध्य,े 
लंडन्मध्ये ,मध्य,े 
लोटस्मध्ये ,मध्य,े 
माझ्यामध्ये ,मध्य,े 
मंडळीमध्ये ,मध्य,े 
मध्याच्याही ,मध्य,ाच्याही 
मध्यापासून ,मध्य,ापासून 
मध्यावर् ,मध्य,ावर् 
मध्य ,मध्य, 
मध्यभागी ,मध्य,भागी 
मध्यभाग ,मध्य,भाग 
मध्यंतर् ,मध्य,ंतर् 
मध्यंतरामध्ये ,मध्य,ंतरा
मध्यंतरामध्येही ,मध्य,ंतरा
मध्यंतरात ,मध्य,ंतरात 
मध्यंतरी ,मध्य,ंतरी 
मध्यंतरीच्या ,मध्य,ंतरीच्या 
मध्यबिंदूवरून ,मध्य,बिंदूवरून 
मध्यकाल ,मध्य,काल 
मध्यम् ,मध्य,म् 
मध्यम्वर्गीय ,मध्य,म्वर्गीय 
मध्यम्वयीन ,मध्य,म्वयीन 
मध्यप्रांतात ,मध्य,प्रांतात 
मध्यरात्री ,मध्य,रात्री 
मध्यस्थांचा ,मध्य,स्थांचा 
मध्यस्थांची ,मध्य,स्थांची 
मध्यस्थ ,मध्य,स्थ 
मध्यव्र्ती ,मध्य,व्र्ती 
मध्यव्वर्ती ,मध्य,व्वर्ती 
मध्ये ,मध्य,े 
मध्येच ,मध्य,ेच 
मह्त्वाकांक्षेमध्ये ,मध्य,े 
मराठवाड्यामध्ये ,मध्य,े 
मस्त्यग्ंधामध्ये ,मध्य,े 
मेंदूमध्ये ,मध्य,े 
मिशन्मध्ये ,मध्य,े 
मोजणीमध्ये ,मध्य,े 
मुखशास्त्रामध्ये ,मध्य,े 
मुंबईमध्ये ,मध्य,े 
मुलामध्ये ,मध्य,े 
मुलींमध्ये ,मध्य,े 
मुदतीमध्ये ,मध्य,े 
नाकातोडांमध्ये ,मध्य,े 
नाटकामध्ये ,मध्य,े 
नव्मांशामध्ये ,मध्य,े 
निवड्णुकीमध्ये ,मध्य,े 
निवड्णुकीमध्ये ,मध्य,े 
नियंत्रणामध्ये ,मध्य,े 
नियंत्रणामध्येही ,मध्य,ेही 
नियंत्रण्पद्धतीमध्ये ,मध्य,े 
नोंदीमध्ये ,मध्य,े 
नोकरीमध्ये ,मध्य,े 
नोव्हेंबर्मध्ये ,मध्य,े 
पांडवांमध्ये ,मध्य,े 
पाहण्यामध्ये ,मध्य,े 
पापग्रहांमध्ये ,मध्य,े 
पंचायत्मध्ये ,मध्य,े 
परिस्थितीमध्ये ,मध्य,े 
पत्नीमध्ये ,मध्य,े 
पद्धतीमध्ये ,मध्य,े 
पेपरामध्ये ,मध्य,े 
पिण्यामध्ये ,मध्य,े 
प्रमाणांमध्ये ,मध्य,े 
प्रद्र्शनामध्ये ,मध्य,े 
प्रेक्षकांमध्ये ,मध्य,े 
प्रेमामध्ये ,मध्य,े 
पुण्यामध्ये ,मध्य,े 
पुण्यामध्येही ,मध्य,ेही 
राष्ट्रांमध्ये ,मध्य,े 
राशीमध्ये ,मध्य,े 
रूपामध्ये ,मध्य,े 
रजिस्टर्मध्ये ,मध्य,े 
रेखांकनामध्ये ,मध्य,े 
रेषांमध्ये ,मध्य,े 
रोजगारामध्ये ,मध्य,े 
साठयामध्ये ,मध्य,े 
साधनामध्ये ,मध्य,े 
सामुद्रिकामध्ये ,मध्य,े 
साप्तहिकामध्ये ,मध्य,े 
स्थानामध्ये ,मध्य,े 
संघट्नांमध्ये ,मध्य,े 
संसारामध्ये ,मध्य,े 
संस्थांमध्ये ,मध्य,े 
संस्थेमध्ये ,मध्य,े 
संस्करामध्येही ,मध्य,ेही 
संदर्भामध्ये ,मध्य,े 
समाजामध्ये ,मध्य,े 
सद्स्यांमध्ये ,मध्य,े 
सेवांमध्ये ,मध्य,े 
स्नायूंमध्ये ,मध्य,े 
स्पर्धेमध्ये ,मध्य,े 
स्टेशन्मध्ये ,मध्य,े 
स्टेशन्मध्येच ,मध्य,ेच 
स्टुडिओमध्ये ,मध्य,े 
स्टुडिओमध्येच ,मध्य,ेच 
सुधारणांमध्ये ,मध्य,े 
सुवासिनीमध्ये ,मध्य,े 
स्वभावप्रकृतीमध्ये ,मध्य,े 
स्त्रियांमध्ये ,मध्य,े 
टप्प्यामध्ये ,मध्य,े 
ट्रेमध्ये ,मध्य,े 
उजेडामध्ये ,मध्य,े 
उत्पादनामध्ये ,मध्य,े 
उत्पन्नामध्ये ,मध्य,े 
उद्विग्नेमध्ये ,मध्य,े 
उद्दिष्टांमध्ये ,मध्य,े 
वातावर्णामध्ये ,मध्य,े 
वस्तूमध्ये ,मध्य,े 
वयामध्ये ,मध्य,े 
वेश्ष्टयामध्ये ,मध्य,े 
व्हरांडयामध्ये ,मध्य,े 
विंशोपकामध्ये ,मध्य,े 
विंगेमध्ये ,मध्य,े 
विषयांमध्ये ,मध्य,े 
विज्ञानामध्ये ,मध्य,े 
विकेंद्रीकर्णामध्ये ,मध्य,े 
विवर्णांमध्ये ,मध्य,े 
व्याख्यांमध्ये ,मध्य,े 
व्याख्येमध्ये ,मध्य,े 
व्यक्तींमध्ये ,मध्य,े 
व्यक्तीमध्ये ,मध्य,े 
व्यक्तिमत्त्वामध्येच ,मध्य,ेच 
व्यव्हारामध्ये ,मध्य,े 
व्यव्सायामध्ये ,मध्य,े 
व्यव्स्थापनामध्ये ,मध्य,े 
व्यव्स्थेमध्ये ,मध्य,े 
तापामध्ये ,मध्य,े 
तळ्हातांमध्ये ,मध्य,े 
तत्त्वामध्ये ,मध्य,े 
तयारीमध्ये ,मध्य,े 
तिच्यामध्ये ,मध्य,े 
तोंडामध्ये ,मध्य,े 
तुझ्यामध्ये ,मध्य,े 
त्यांच्यामध्ये ,मध्य,े 
त्यांमध्ये ,मध्य,े 
त्यामध्ये ,मध्य,े 
दौलताबादजातीमध्ये ,मध्य,े 
देशांमध्ये ,मध्य,े 
देशामध्ये ,मध्य,े 
दोघांमध्ये ,मध्य,े 
दोहोंमध्ये ,मध्य,े 
दोन्हीमध्ये ,मध्य,े 
यांच्यामध्ये ,मध्य,े 
यांमध्ये ,मध्य,े 
यामध्ये ,मध्य,े 
योजनांमध्ये ,मध्य,े 
योजनेमध्ये ,मध्य,े 
आभ्यासामध्येही ,मध्ये,ही 
आईमध्ये ,मध्ये, 
आवडीमध्ये ,मध्ये, 
आयुष्यामध्ये ,मध्ये, 
ऑक्टोबर्मध्ये ,मध्ये, 
भागीदारांमध्ये ,मध्ये, 
भारतामध्ये ,मध्ये, 
भेटीगाठींमध्ये ,मध्ये, 
भिंगरीमध्ये ,मध्ये, 
भिंतीमध्ये ,मध्ये, 
छातीमध्ये ,मध्ये, 
घाईमध्ये ,मध्ये, 
घरामध्ये ,मध्ये, 
घट्कांमध्ये ,मध्ये, 
घट्नांमध्ये ,मध्ये, 
झाडांमध्ये ,मध्ये, 
खात्यामध्ये ,मध्ये, 
खात्यामध्येच ,मध्ये,च 
खरेदीमध्ये ,मध्ये, 
खेळांमध्ये ,मध्ये, 
फळामध्ये ,मध्ये, 
फंडस्मध्ये ,मध्ये, 
फलितांमध्ये ,मध्ये, 
फॅशन्मध्ये ,मध्ये, 
फेब्रुवारीमध्ये ,मध्ये, 
ऋतूमध्ये ,मध्ये, 
शाखांमध्ये ,मध्ये, 
शाळेमध्ये ,मध्ये, 
शास्त्रामध्ये ,मध्ये, 
शब्दांमध्ये ,मध्ये, 
शह्रांमध्ये ,मध्ये, 
शह्रामध्ये ,मध्ये, 
शिक्षणामध्ये ,मध्ये, 
ठेवींमध्ये ,मध्ये, 
थिएटर्मध्ये ,मध्ये, 
थिएटर्मध्येच ,मध्ये,च 
धार्मिकतेमध्ये ,मध्ये, 
धर्मामध्ये ,मध्ये, 
अभिनयामध्ये ,मध्ये, 
अर्थव्यव्स्थेमध्ये ,मध्ये, 
अवशेषामध्ये ,मध्ये, 
बाथरूमध्ये ,मध्ये, 
बाबींमध्ये ,मध्ये, 
बाहुलीमध्ये ,मध्ये, 
बँकांमध्ये ,मध्ये, 
बँकामध्ये ,मध्ये, 
बँकेमध्ये ,मध्ये, 
बस्मध्ये ,मध्ये, 
चळ्वळीमध्येही ,मध्ये,ही 
चित्रप्टाचगृहामध्ये ,मध्ये, 
चित्रप्टामध्ये ,मध्ये, 
चित्रप्टगृहामध्ये ,मध्ये, 
चित्रप्टसृष्टीमध्ये ,मध्ये, 
डऑक्टरांच्यामध्ये ,मध्ये, 
ड्रायर्मध्ये ,मध्ये, 
एप्रिमध्ये ,मध्ये, 
गण्नेमध्ये ,मध्ये, 
गटामध्ये ,मध्ये, 
गट्सभांमध्ये ,मध्ये, 
गिरणीमध्ये ,मध्ये, 
गोंधळामध्ये ,मध्ये, 
गोष्टींमध्ये ,मध्ये, 
ग्रहांमध्ये ,मध्ये, 
हालचालींमध्ये ,मध्ये, 
हातांमध्ये ,मध्ये, 
हऑस्पिटल्मध्ये ,मध्ये, 
हिंदीमध्ये ,मध्ये, 
ह्यामध्ये ,मध्ये, 
इंग्लड्ंमध्ये ,मध्ये, 
इंग्लड्मध्ये ,मध्ये, 
इटंरव्हल्मध्ये ,मध्ये, 
इटलीमध्ये ,मध्ये, 
जगामध्ये ,मध्ये, 
जन्मामध्ये ,मध्ये, 
जन्मकुंडलीमध्ये ,मध्ये, 
जर्मनीमध्ये ,मध्ये, 
कामांमध्ये ,मध्ये, 
कार्यामध्ये ,मध्ये, 
कृतींमध्ये ,मध्ये, 
कृतीमध्ये ,मध्ये, 
क्षेत्रामध्ये ,मध्ये, 
कूपेमध्ये ,मध्ये, 
कऑटस्मध्ये ,मध्ये, 
कंपनीमध्ये ,मध्ये, 
कंपन्यामध्ये ,मध्ये, 
कलेमध्ये ,मध्ये, 
कप्प्यांमध्ये ,मध्ये, 
कर्मचाऱ्यांमध्ये ,मध्ये, 
कस्टम्मध्ये ,मध्ये, 
कॅनडामध्ये ,मध्ये, 
कॅनडामध्येही ,मध्ये,ही 
किल्ल्यामध्ये ,मध्ये, 
क्लब्मध्ये ,मध्ये, 
कोकणीमध्ये ,मध्ये, 
क्रियांमध्ये ,मध्ये, 
लऑकर्मध्ये ,मध्ये, 
लंडन्मध्ये ,मध्ये, 
लोटस्मध्ये ,मध्ये, 
माझ्यामध्ये ,मध्ये, 
मंडळीमध्ये ,मध्ये, 
मध्यंतरामध्ये ,मध्ये, 
मध्यंतरामध्येही ,मध्ये,ही 
मध्ये ,मध्ये, 
मध्येच ,मध्ये,च 
मह्त्वाकांक्षेमध्ये ,मध्ये, 
मराठवाड्यामध्ये ,मध्ये, 
मस्त्यग्ंधामध्ये ,मध्ये, 
मेंदूमध्ये ,मध्ये, 
मिशन्मध्ये ,मध्ये, 
मोजणीमध्ये ,मध्ये, 
मुखशास्त्रामध्ये ,मध्ये, 
मुंबईमध्ये ,मध्ये, 
मुलामध्ये ,मध्ये, 
मुलींमध्ये ,मध्ये, 
मुदतीमध्ये ,मध्ये, 
नाकातोडांमध्ये ,मध्ये, 
नाटकामध्ये ,मध्ये, 
नव्मांशामध्ये ,मध्ये, 
निवड्णुकीमध्ये ,मध्ये, 
निवड्णुकीमध्ये ,मध्ये, 
नियंत्रणामध्ये ,मध्ये, 
नियंत्रणामध्येही ,मध्ये,ही 
नियंत्रण्पद्धतीमध्ये ,मध्ये, 
नोंदीमध्ये ,मध्ये, 
नोकरीमध्ये ,मध्ये, 
नोव्हेंबर्मध्ये ,मध्ये, 
पांडवांमध्ये ,मध्ये, 
पाहण्यामध्ये ,मध्ये, 
पापग्रहांमध्ये ,मध्ये, 
पंचायत्मध्ये ,मध्ये, 
परिस्थितीमध्ये ,मध्ये, 
पत्नीमध्ये ,मध्ये, 
पद्धतीमध्ये ,मध्ये, 
पेपरामध्ये ,मध्ये, 
पिण्यामध्ये ,मध्ये, 
प्रमाणांमध्ये ,मध्ये, 
प्रद्र्शनामध्ये ,मध्ये, 
प्रेक्षकांमध्ये ,मध्ये, 
प्रेमामध्ये ,मध्ये, 
पुण्यामध्ये ,मध्ये, 
पुण्यामध्येही ,मध्ये,ही 
राष्ट्रांमध्ये ,मध्ये, 
राशीमध्ये ,मध्ये, 
रूपामध्ये ,मध्ये, 
रजिस्टर्मध्ये ,मध्ये, 
रेखांकनामध्ये ,मध्ये, 
रेषांमध्ये ,मध्ये, 
रोजगारामध्ये ,मध्ये, 
साठयामध्ये ,मध्ये, 
साधनामध्ये ,मध्ये, 
सामुद्रिकामध्ये ,मध्ये, 
साप्तहिकामध्ये ,मध्ये, 
स्थानामध्ये ,मध्ये, 
संघट्नांमध्ये ,मध्ये, 
संसारामध्ये ,मध्ये, 
संस्थांमध्ये ,मध्ये, 
संस्थेमध्ये ,मध्ये, 
संस्करामध्येही ,मध्ये,ही 
संदर्भामध्ये ,मध्ये, 
समाजामध्ये ,मध्ये, 
सद्स्यांमध्ये ,मध्ये, 
सेवांमध्ये ,मध्ये, 
स्नायूंमध्ये ,मध्ये, 
स्पर्धेमध्ये ,मध्ये, 
स्टेशन्मध्ये ,मध्ये, 
स्टेशन्मध्येच ,मध्ये,च 
स्टुडिओमध्ये ,मध्ये, 
स्टुडिओमध्येच ,मध्ये,च 
सुधारणांमध्ये ,मध्ये, 
सुवासिनीमध्ये ,मध्ये, 
स्वभावप्रकृतीमध्ये ,मध्ये, 
स्त्रियांमध्ये ,मध्ये, 
टप्प्यामध्ये ,मध्ये, 
ट्रेमध्ये ,मध्ये, 
उजेडामध्ये ,मध्ये, 
उत्पादनामध्ये ,मध्ये, 
उत्पन्नामध्ये ,मध्ये, 
उद्विग्नेमध्ये ,मध्ये, 
उद्दिष्टांमध्ये ,मध्ये, 
वातावर्णामध्ये ,मध्ये, 
वस्तूमध्ये ,मध्ये, 
वयामध्ये ,मध्ये, 
वेश्ष्टयामध्ये ,मध्ये, 
व्हरांडयामध्ये ,मध्ये, 
विंशोपकामध्ये ,मध्ये, 
विंगेमध्ये ,मध्ये, 
विषयांमध्ये ,मध्ये, 
विज्ञानामध्ये ,मध्ये, 
विकेंद्रीकर्णामध्ये ,मध्ये, 
विवर्णांमध्ये ,मध्ये, 
व्याख्यांमध्ये ,मध्ये, 
व्याख्येमध्ये ,मध्ये, 
व्यक्तींमध्ये ,मध्ये, 
व्यक्तीमध्ये ,मध्ये, 
व्यक्तिमत्त्वामध्येच ,मध्ये,च 
व्यव्हारामध्ये ,मध्ये, 
व्यव्सायामध्ये ,मध्ये, 
व्यव्स्थापनामध्ये ,मध्ये, 
व्यव्स्थेमध्ये ,मध्ये, 
तापामध्ये ,मध्ये, 
तळ्हातांमध्ये ,मध्ये, 
तत्त्वामध्ये ,मध्ये, 
तयारीमध्ये ,मध्ये, 
तिच्यामध्ये ,मध्ये, 
तोंडामध्ये ,मध्ये, 
तुझ्यामध्ये ,मध्ये, 
त्यांच्यामध्ये ,मध्ये, 
त्यांमध्ये ,मध्ये, 
त्यामध्ये ,मध्ये, 
दौलताबादजातीमध्ये ,मध्ये, 
देशांमध्ये ,मध्ये, 
देशामध्ये ,मध्ये, 
दोघांमध्ये ,मध्ये, 
दोहोंमध्ये ,मध्ये, 
दोन्हीमध्ये ,मध्ये, 
यांच्यामध्ये ,मध्ये, 
यांमध्ये ,मध्ये, 
यामध्ये ,मध्ये, 
योजनांमध्ये ,मध्ये, 
योजनेमध्ये ,मध्ये, 
महाभारत् ,महाभारत्, 
महाभारत्काळात ,महाभारत्,काळात 
महाभारत्काला ,महाभारत्,काला 
महाभारत्कालीन ,महाभारत्,कालीन 
महापुरूषांच्या ,महापुरूष,ांच्या 
महापुरूषांना ,महापुरूष,ांना 
महापुरूषाला ,महापुरूष,ाला 
महापुरूष ,महापुरूष, 
महापुरूषही ,महापुरूष,ही 
महाराष्ट्रा ,महाराष्ट्र,ा 
महाराष्ट्रांचा ,महाराष्ट्र,ांचा 
महाराष्ट्राचा ,महाराष्ट्र,ाचा 
महाराष्ट्राची ,महाराष्ट्र,ाची 
महाराष्ट्राचे ,महाराष्ट्र,ाचे 
महाराष्ट्राचेच ,महाराष्ट्र,ाचेच 
महाराष्ट्राच्या ,महाराष्ट्र,ाच्या 
महाराष्ट्राला ,महाराष्ट्र,ाला 
महाराष्ट्रावर् ,महाराष्ट्र,ावर् 
महाराष्ट्रातील ,महाराष्ट्र,ातील 
महाराष्ट्रात ,महाराष्ट्र,ात 
महाराष्ट्रातच् ,महाराष्ट्र,ातच् 
महाराष्ट्रातही ,महाराष्ट्र,ातही 
महाराष्ट्रातले ,महाराष्ट्र,ातले 
महाराष्ट्रातल्या ,महाराष्ट्र,ातल्या 
महाराष्ट्रीत ,महाराष्ट्र,ीत 
महाराष्ट्रीय ,महाराष्ट्र,ीय 
महाराष्ट्र ,महाराष्ट्र, 
महाराष्ट्रभ्र ,महाराष्ट्र,भ्र 
महाराष्ट्रदेशाची ,महाराष्ट्र,देशाची 
महाराष्ट्रा ,महाराष्ट्र,ा 
महाराष्ट्रांचा ,महाराष्ट्र,ांचा 
महाराष्ट्राचा ,महाराष्ट्र,ाचा 
महाराष्ट्राची ,महाराष्ट्र,ाची 
महाराष्ट्राचे ,महाराष्ट्र,ाचे 
महाराष्ट्राचेच ,महाराष्ट्र,ाचेच 
महाराष्ट्राच्या ,महाराष्ट्र,ाच्या 
महाराष्ट्राला ,महाराष्ट्र,ाला 
महाराष्ट्रावर् ,महाराष्ट्र,ावर् 
महाराष्ट्रातील ,महाराष्ट्र,ातील 
महाराष्ट्रात ,महाराष्ट्र,ात 
महाराष्ट्रातच् ,महाराष्ट्र,ातच् 
महाराष्ट्रातही ,महाराष्ट्र,ातही 
महाराष्ट्रातले ,महाराष्ट्र,ातले 
महाराष्ट्रातल्या ,महाराष्ट्र,ातल्या 
महाराष्ट्रीत ,महाराष्ट्र,ीत 
महाराष्ट्रीय ,महाराष्ट्र,ीय 
महाराष्ट्र ,महाराष्ट्र, 
महाराष्ट्रभ्र ,महाराष्ट्र,भ्र 
महाराष्ट्रदेशाची ,महाराष्ट्र,देशाची 
महाविद्यालयीन ,महाविद्यालय,ीन 
महाविद्यालये ,महाविद्यालय,े 
महिला ,महिला, 
महिलांचा ,महिला,ंचा 
महिलांची ,महिला,ंची 
महिलानांही ,महिला,नांही 
महिन्यांचा ,महिन्य,ांचा 
महिन्यांनी ,महिन्य,ांनी 
महिन्यांनंतर् ,महिन्य,ांनंतर् 
महिन्यांपासून ,महिन्य,ांपासून 
महिन्यांपूर्वीच ,महिन्य,ांपूर्वीच 
महिन्यांपेक्षा ,महिन्य,ांपेक्षा 
महिन्यांत ,महिन्य,ांत 
महिन्यांतच् ,महिन्य,ांतच् 
महिन्याचा ,महिन्य,ाचा 
महिन्याची ,महिन्य,ाची 
महिन्याच्या ,महिन्य,ाच्या 
महिन्याला ,महिन्य,ाला 
महिन्यामहिन्याचे ,महिन्य,ा
महिन्यानी ,महिन्य,ानी 
महिन्याने ,महिन्य,ाने 
महिन्यापर्यत् ,महिन्य,ापर्यत् 
महिन्यातील ,महिन्य,ातील 
महिन्यातून ,महिन्य,ातून 
महिन्यात ,महिन्य,ात 
महिन्यातच् ,महिन्य,ातच् 
मह्त्प्रयासाने ,मह्त्प्रयास,ाने 
मज्बुती ,मज्बुत,ी 
मज्बुतीशी ,मज्बुत,ीशी 
मज्बुतीची ,मज्बुत,ीची 
मज्बुतीच्या ,मज्बुत,ीच्या 
मज्बुतीने ,मज्बुत,ीने 
मज्बुतीवरून ,मज्बुत,ीवरून 
मज्जातंतू ,मज्जातंतू, 
मज्जातंतूचे ,मज्जातंतू,चे 
मज्जातंतूवर् ,मज्जातंतू,वर् 
मज्ल्या ,मज्ल्या, 
मज्ल्यांची ,मज्ल्या,ंची 
मज्ल्याचा ,मज्ल्या,चा 
मज्ल्याइतके ,मज्ल्या,इतके 
मज्ल्यापर्यंत ,मज्ल्या,पर्यंत 
मज्ल्यावर् ,मज्ल्या,वर् 
मज्ल्यावर्च्या ,मज्ल्या,वर्च्या 
उमज्ल्याने ,मज्ल्या,ने 
जन्मक्रमाला ,मक्र,माला 
कामक्रीडांची ,मक्र,ीडांची 
कामक्रीडेची ,मक्र,ीडेची 
कामक्रोधादी ,मक्र,ोधादी 
मक्र ,मक्र, 
मक्रंद ,मक्र,ंद 
मक्रेतील ,मक्र,ेतील 
मक्रेत ,मक्र,ेत 
नामक्रण् ,मक्र,ण् 
पर्मक्र्तव्य ,मक्र,्तव्य 
आकाशग्मन् ,मन,् 
आकाशग्मनाची ,मन,ाची 
आमने ,मन,े 
आत्मनेपदी ,मन,ेपदी 
भुसिनेस्स्मन् ,मन,् 
ढेमन्ड् ,मन,्ड् 
ंएर्मन् ,मन,् 
श्रीरामने ,मन,े 
थोमन् ,मन,् 
धर्मनिष्ठा ,मन,िष्ठा 
धर्मनिष्ठ ,मन,िष्ठ 
ध्यानामनी ,मन,ी 
ध्यानीमनी ,मन,ी 
अंतर्मन् ,मन,् 
अंतर्मनाच्या ,मन,ाच्या 
अंतर्मनात ,मन,ात 
अंतर्मनातल्या ,मन,ातल्या 
अहंमन्य ,मन,्य 
अतंर्मन् ,मन,् 
बामनाची ,मन,ाची 
बामनाच्या ,मन,ाच्या 
बामनानं ,मन,ानं 
डेमन्ड् ,मन,्ड् 
एसेमना ,मन,ा 
एसेमनाच ,मन,ाच 
हर्मन् ,मन,् 
जीमन्दाराची ,मन,्दाराची 
जर्मन् ,मन,् 
जर्मनांची ,मन,ांची 
जर्मनांच्या ,मन,ांच्या 
जर्मनांच्याबंदीखान्यात ,मन,ांच्याबंदीखान्यात 
जर्मनांना ,मन,ांना 
जर्मनांनी ,मन,ांनी 
जर्मनीचा ,मन,ीचा 
जर्मनीहून ,मन,ीहून 
जर्मनीकडून ,मन,ीकडून 
जर्मनीमध्ये ,मन,ीमध्ये 
जर्मनीने ,मन,ीने 
जर्मनीवर् ,मन,ीवर् 
जर्मन्धार्जिणेपणाबद्दल् ,मन,्धार्जिणेपणाबद्दल् 
जर्मन्चे ,मन,्चे 
कॅमेरामन् ,मन,् 
मूल्यपामन् ,मन,् 
मन् ,मन,् 
मनाई ,मन,ाई 
मनांची ,मन,ांची 
मनाशी ,मन,ाशी 
मनाशीच ,मन,ाशीच 
मनाचा ,मन,ाचा 
मनाची ,मन,ाची 
मनाचे ,मन,ाचे 
मनाच्या ,मन,ाच्या 
मनाजोगा ,मन,ाजोगा 
मनाजोगी ,मन,ाजोगी 
मनाजोगे ,मन,ाजोगे 
मनाला ,मन,ाला 
मनामुळे ,मन,ामुळे 
मनामुळेच ,मन,ामुळेच 
मनानं ,मन,ानं 
मनाने ,मन,ाने 
मनानेच ,मन,ानेच 
मनापासून ,मन,ापासून 
मनापासूनची ,मन,ापासूनची 
मनापासूनचे ,मन,ापासूनचे 
मनाप्रमाणे ,मन,ाप्रमाणे 
मनासारखी ,मन,ासारखी 
मनास ,मन,ास 
मनावर् ,मन,ावर् 
मनावर्ही ,मन,ावर्ही 
मनाविरूद्ध ,मन,ाविरूद्ध 
मनाविरूद्धचा ,मन,ाविरूद्धचा 
मनातील ,मन,ातील 
मनातून ,मन,ातून 
मनात ,मन,ात 
मनातही ,मन,ातही 
मनातली ,मन,ातली 
मनातल्ं ,मन,ातल्ं 
मनातल्या ,मन,ातल्या 
मनातन्ं ,मन,ातन्ं 
मन्ःशांतीचा ,मन,्ःशांतीचा 
मन्ःपूर्वक् ,मन,्ःपूर्वक् 
मन्ःस्थिती ,मन,्ःस्थिती 
मन्ःस्वास्थ्य ,मन,्ःस्वास्थ्य 
मन्ःस्ताप ,मन,्ःस्ताप 
मन्ःस्तापही ,मन,्ःस्तापही 
मनी ,मन,ी 
मन्ं ,मन,्ं 
मनौवेज्ञानिक ,मन,ौवेज्ञानिक 
मन्धर्णी ,मन,्धर्णी 
मन्च ,मन,्च 
मन्च्या ,मन,्च्या 
मने ,मन,े 
मन्गटाच्या ,मन,्गटाच्या 
मन्गटानं ,मन,्गटानं 
मन्गटावर् ,मन,्गटावर् 
मन्ही ,मन,्ही 
मनिङेस्ट्स् ,मन,िङेस्ट्स् 
मन्माना ,मन,्माना 
मन्ममोकळेपणे ,मन,्ममोकळेपणे 
मन्मिळाऊ ,मन,्मिळाऊ 
मन्मिळावू ,मन,्मिळावू 
मन्मोहन् ,मन,्मोहन् 
मन्मोकळे ,मन,्मोकळे 
मन्मोकळेपणाने ,मन,्मोकळेपणाने 
मन्मोकळ्या ,मन,्मोकळ्या 
मन्मुराद ,मन,्मुराद 
मन्नेर् ,मन,्नेर् 
मनोभौतिक ,मन,ोभौतिक 
मनोधेर्याचा ,मन,ोधेर्याचा 
मनोधेर्य ,मन,ोधेर्य 
मनोबल् ,मन,ोबल् 
मनोहर् ,मन,ोहर् 
मनोज्ञ ,मन,ोज्ञ 
मनोमन् ,मन,ो
मनोमनी ,मन,ो
मनोरंजक् ,मन,ोरंजक् 
मनोरंजन् ,मन,ोरंजन् 
मनोरंजनाचे ,मन,ोरंजनाचे 
मनोरमा ,मन,ोरमा 
मनोवृत्तानुसारिणम् ,मन,ोवृत्तानुसारिणम् 
मनोवृत्ती ,मन,ोवृत्ती 
मनोवृत्तीचा ,मन,ोवृत्तीचा 
मनोवृत्तीच्या ,मन,ोवृत्तीच्या 
मनोविश्लेषणात्मक् ,मन,ोविश्लेषणात्मक् 
मनोविश्लेषक् ,मन,ोविश्लेषक् 
मनोविकाराधीन ,मन,ोविकाराधीन 
मनोविकार ,मन,ोविकार 
मनोविकास ,मन,ोविकास 
मनोविल्शे ,मन,ोविल्शे 
मनोदेवता ,मन,ोदेवता 
मन्प्रवृत्तीही ,मन,्प्रवृत्तीही 
मन्सासह् ,मन,्सासह् 
मन्सूरांचे ,मन,्सूरांचे 
मन्सजोगी ,मन,्सजोगी 
मन्सजोग्याची ,मन,्सजोग्याची 
मन्सोक्त ,मन,्सोक्त 
मन्सोक्तप्णे ,मन,्सोक्तप्णे 
मन्स्वी ,मन,्स्वी 
मन्स्ताप ,मन,्स्ताप 
मनु ,मन,ु 
मनुष्रूपी ,मन,ुष्रूपी 
मनुष्याबरोबर् ,मन,ुष्याबरोबर् 
मनुष्याचा ,मन,ुष्याचा 
मनुष्याची ,मन,ुष्याची 
मनुष्याचे ,मन,ुष्याचे 
मनुष्याच्या ,मन,ुष्याच्या 
मनुष्याजव्ळ ,मन,ुष्याजव्ळ 
मनुष्याकडे ,मन,ुष्याकडे 
मनुष्याला ,मन,ुष्याला 
मनुष्यालाही ,मन,ुष्यालाही 
मनुष्याने ,मन,ुष्याने 
मनुष्यापेक्षाही ,मन,ुष्यापेक्षाही 
मनुष्यापुढे ,मन,ुष्यापुढे 
मनुष्यास ,मन,ुष्यास 
मनुष्यात ,मन,ुष्यात 
मनुष्य ,मन,ुष्य 
मनुष्यब्ळाचा ,मन,ुष्यब्ळाचा 
मनुष्यब्ळाची ,मन,ुष्यब्ळाची 
मनुष्यब्ळ ,मन,ुष्यब्ळ 
मनुष्यग्ण ,मन,ुष्यग्ण 
मनुष्यही ,मन,ुष्यही 
मनुष्यज्न्मात ,मन,ुष्यज्न्मात 
मनुष्यस्माज ,मन,ुष्यस्माज 
मनुष्यस्वभाव ,मन,ुष्यस्वभाव 
मनुष्यविशेषाची ,मन,ुष्यविशेषाची 
मन्य् ,मन,्य् 
नामनिर्देशन् ,मन,िर्देशन् 
नामनिर्देशनाची ,मन,िर्देशनाची 
नामनिर्देशित ,मन,िर्देशित 
नऑर्मन् ,मन,् 
निर्मनुष्य ,मन,ुष्य 
पर्देशग्मन् ,मन,् 
रामनाथन् ,मन,ाथन् 
रामनाथन्ना ,मन,ाथन्ना 
रामनाथन्नी ,मन,ाथन्नी 
रामनाथन्ने ,मन,ाथन्ने 
रामनामाचा ,मन,ामाचा 
सामना ,मन,ा 
सामने ,मन,े 
सामन्याच्या ,मन,्याच्या 
सामन्यात ,मन,्यात 
संबंधस्ंयमाल्लघुतूलस्मापत्तेश्चाकाशग्मन्ं ,मन,्ं 
सुमन् ,मन,् 
टीमने ,मन,े 
उस्मनाबाद ,मन,ाबाद 
वामन् ,मन,् 
वामन्ची ,मन,्ची 
वामन्ला ,मन,्ला 
वामन्पंडित ,मन,्पंडित 
वामन्रावांचे ,मन,्रावांचे 
वामन्रावांच्या ,मन,्रावांच्या 
वामन्रावांकडे ,मन,्रावांकडे 
वामन्रावांना ,मन,्रावांना 
वामन्रावांनी ,मन,्रावांनी 
वामन्राव ,मन,्राव 
वामन्रावदादा ,मन,्रावदादा 
वामन्रावदादांच्या ,मन,्रावदादांच्या 
वामन्रावदादांजव्ळ ,मन,्रावदादांजव्ळ 
वामन्रावदादांकडे ,मन,्रावदादांकडे 
वामन्रावदादांना ,मन,्रावदादांना 
विमन्स्क ,मन,्स्क 
तालीमनाही ,मन,ाही 
तप्मनातच् ,मन,ातच् 
देहामनाचे ,मन,ाचे 
द्रुमन् ,मन,् 
द्रुमन्चा ,मन,्चा 
द्रुमन्चे ,मन,्चे 
आकाशग्मन् ,मन,् 
आकाशग्मनाची ,मन,ाची 
आमने ,मन,े 
आत्मनेपदी ,मन,ेपदी 
भुसिनेस्स्मन् ,मन,् 
ढेमन्ड् ,मन,्ड् 
ंएर्मन् ,मन,् 
श्रीरामने ,मन,े 
थोमन् ,मन,् 
धर्मनिष्ठा ,मन,िष्ठा 
धर्मनिष्ठ ,मन,िष्ठ 
ध्यानामनी ,मन,ी 
ध्यानीमनी ,मन,ी 
अंतर्मन् ,मन,् 
अंतर्मनाच्या ,मन,ाच्या 
अंतर्मनात ,मन,ात 
अंतर्मनातल्या ,मन,ातल्या 
अहंमन्य ,मन,्य 
अतंर्मन् ,मन,् 
बामनाची ,मन,ाची 
बामनाच्या ,मन,ाच्या 
बामनानं ,मन,ानं 
डेमन्ड् ,मन,्ड् 
एसेमना ,मन,ा 
एसेमनाच ,मन,ाच 
हर्मन् ,मन,् 
जीमन्दाराची ,मन,्दाराची 
जर्मन् ,मन,् 
जर्मनांची ,मन,ांची 
जर्मनांच्या ,मन,ांच्या 
जर्मनांच्याबंदीखान्यात ,मन,ांच्याबंदीखान्यात 
जर्मनांना ,मन,ांना 
जर्मनांनी ,मन,ांनी 
जर्मनीचा ,मन,ीचा 
जर्मनीहून ,मन,ीहून 
जर्मनीकडून ,मन,ीकडून 
जर्मनीमध्ये ,मन,ीमध्ये 
जर्मनीने ,मन,ीने 
जर्मनीवर् ,मन,ीवर् 
जर्मन्धार्जिणेपणाबद्दल् ,मन,्धार्जिणेपणाबद्दल् 
जर्मन्चे ,मन,्चे 
कॅमेरामन् ,मन,् 
मूल्यपामन् ,मन,् 
मन् ,मन,् 
मनाई ,मन,ाई 
मनांची ,मन,ांची 
मनाशी ,मन,ाशी 
मनाशीच ,मन,ाशीच 
मनाचा ,मन,ाचा 
मनाची ,मन,ाची 
मनाचे ,मन,ाचे 
मनाच्या ,मन,ाच्या 
मनाजोगा ,मन,ाजोगा 
मनाजोगी ,मन,ाजोगी 
मनाजोगे ,मन,ाजोगे 
मनाला ,मन,ाला 
मनामुळे ,मन,ामुळे 
मनामुळेच ,मन,ामुळेच 
मनानं ,मन,ानं 
मनाने ,मन,ाने 
मनानेच ,मन,ानेच 
मनापासून ,मन,ापासून 
मनापासूनची ,मन,ापासूनची 
मनापासूनचे ,मन,ापासूनचे 
मनाप्रमाणे ,मन,ाप्रमाणे 
मनासारखी ,मन,ासारखी 
मनास ,मन,ास 
मनावर् ,मन,ावर् 
मनावर्ही ,मन,ावर्ही 
मनाविरूद्ध ,मन,ाविरूद्ध 
मनाविरूद्धचा ,मन,ाविरूद्धचा 
मनातील ,मन,ातील 
मनातून ,मन,ातून 
मनात ,मन,ात 
मनातही ,मन,ातही 
मनातली ,मन,ातली 
मनातल्ं ,मन,ातल्ं 
मनातल्या ,मन,ातल्या 
मनातन्ं ,मन,ातन्ं 
मन्ःशांतीचा ,मन,्ःशांतीचा 
मन्ःपूर्वक् ,मन,्ःपूर्वक् 
मन्ःस्थिती ,मन,्ःस्थिती 
मन्ःस्वास्थ्य ,मन,्ःस्वास्थ्य 
मन्ःस्ताप ,मन,्ःस्ताप 
मन्ःस्तापही ,मन,्ःस्तापही 
मनी ,मन,ी 
मन्ं ,मन,्ं 
मनौवेज्ञानिक ,मन,ौवेज्ञानिक 
मन्धर्णी ,मन,्धर्णी 
मन्च ,मन,्च 
मन्च्या ,मन,्च्या 
मने ,मन,े 
मन्गटाच्या ,मन,्गटाच्या 
मन्गटानं ,मन,्गटानं 
मन्गटावर् ,मन,्गटावर् 
मन्ही ,मन,्ही 
मनिङेस्ट्स् ,मन,िङेस्ट्स् 
मन्माना ,मन,्माना 
मन्ममोकळेपणे ,मन,्ममोकळेपणे 
मन्मिळाऊ ,मन,्मिळाऊ 
मन्मिळावू ,मन,्मिळावू 
मन्मोहन् ,मन,्मोहन् 
मन्मोकळे ,मन,्मोकळे 
मन्मोकळेपणाने ,मन,्मोकळेपणाने 
मन्मोकळ्या ,मन,्मोकळ्या 
मन्मुराद ,मन,्मुराद 
मन्नेर् ,मन,्नेर् 
मनोभौतिक ,मन,ोभौतिक 
मनोधेर्याचा ,मन,ोधेर्याचा 
मनोधेर्य ,मन,ोधेर्य 
मनोबल् ,मन,ोबल् 
मनोहर् ,मन,ोहर् 
मनोज्ञ ,मन,ोज्ञ 
मनोमन् ,मन,ो
मनोमनी ,मन,ो
मनोरंजक् ,मन,ोरंजक् 
मनोरंजन् ,मन,ोरंजन् 
मनोरंजनाचे ,मन,ोरंजनाचे 
मनोरमा ,मन,ोरमा 
मनोवृत्तानुसारिणम् ,मन,ोवृत्तानुसारिणम् 
मनोवृत्ती ,मन,ोवृत्ती 
मनोवृत्तीचा ,मन,ोवृत्तीचा 
मनोवृत्तीच्या ,मन,ोवृत्तीच्या 
मनोविश्लेषणात्मक् ,मन,ोविश्लेषणात्मक् 
मनोविश्लेषक् ,मन,ोविश्लेषक् 
मनोविकाराधीन ,मन,ोविकाराधीन 
मनोविकार ,मन,ोविकार 
मनोविकास ,मन,ोविकास 
मनोविल्शे ,मन,ोविल्शे 
मनोदेवता ,मन,ोदेवता 
मन्प्रवृत्तीही ,मन,्प्रवृत्तीही 
मन्सासह् ,मन,्सासह् 
मन्सूरांचे ,मन,्सूरांचे 
मन्सजोगी ,मन,्सजोगी 
मन्सजोग्याची ,मन,्सजोग्याची 
मन्सोक्त ,मन,्सोक्त 
मन्सोक्तप्णे ,मन,्सोक्तप्णे 
मन्स्वी ,मन,्स्वी 
मन्स्ताप ,मन,्स्ताप 
मनु ,मन,ु 
मनुष्रूपी ,मन,ुष्रूपी 
मनुष्याबरोबर् ,मन,ुष्याबरोबर् 
मनुष्याचा ,मन,ुष्याचा 
मनुष्याची ,मन,ुष्याची 
मनुष्याचे ,मन,ुष्याचे 
मनुष्याच्या ,मन,ुष्याच्या 
मनुष्याजव्ळ ,मन,ुष्याजव्ळ 
मनुष्याकडे ,मन,ुष्याकडे 
मनुष्याला ,मन,ुष्याला 
मनुष्यालाही ,मन,ुष्यालाही 
मनुष्याने ,मन,ुष्याने 
मनुष्यापेक्षाही ,मन,ुष्यापेक्षाही 
मनुष्यापुढे ,मन,ुष्यापुढे 
मनुष्यास ,मन,ुष्यास 
मनुष्यात ,मन,ुष्यात 
मनुष्य ,मन,ुष्य 
मनुष्यब्ळाचा ,मन,ुष्यब्ळाचा 
मनुष्यब्ळाची ,मन,ुष्यब्ळाची 
मनुष्यब्ळ ,मन,ुष्यब्ळ 
मनुष्यग्ण ,मन,ुष्यग्ण 
मनुष्यही ,मन,ुष्यही 
मनुष्यज्न्मात ,मन,ुष्यज्न्मात 
मनुष्यस्माज ,मन,ुष्यस्माज 
मनुष्यस्वभाव ,मन,ुष्यस्वभाव 
मनुष्यविशेषाची ,मन,ुष्यविशेषाची 
मन्य् ,मन,्य् 
नामनिर्देशन् ,मन,िर्देशन् 
नामनिर्देशनाची ,मन,िर्देशनाची 
नामनिर्देशित ,मन,िर्देशित 
नऑर्मन् ,मन,् 
निर्मनुष्य ,मन,ुष्य 
पर्देशग्मन् ,मन,् 
रामनाथन् ,मन,ाथन् 
रामनाथन्ना ,मन,ाथन्ना 
रामनाथन्नी ,मन,ाथन्नी 
रामनाथन्ने ,मन,ाथन्ने 
रामनामाचा ,मन,ामाचा 
सामना ,मन,ा 
सामने ,मन,े 
सामन्याच्या ,मन,्याच्या 
सामन्यात ,मन,्यात 
संबंधस्ंयमाल्लघुतूलस्मापत्तेश्चाकाशग्मन्ं ,मन,्ं 
सुमन् ,मन,् 
टीमने ,मन,े 
उस्मनाबाद ,मन,ाबाद 
वामन् ,मन,् 
वामन्ची ,मन,्ची 
वामन्ला ,मन,्ला 
वामन्पंडित ,मन,्पंडित 
वामन्रावांचे ,मन,्रावांचे 
वामन्रावांच्या ,मन,्रावांच्या 
वामन्रावांकडे ,मन,्रावांकडे 
वामन्रावांना ,मन,्रावांना 
वामन्रावांनी ,मन,्रावांनी 
वामन्राव ,मन,्राव 
वामन्रावदादा ,मन,्रावदादा 
वामन्रावदादांच्या ,मन,्रावदादांच्या 
वामन्रावदादांजव्ळ ,मन,्रावदादांजव्ळ 
वामन्रावदादांकडे ,मन,्रावदादांकडे 
वामन्रावदादांना ,मन,्रावदादांना 
विमन्स्क ,मन,्स्क 
तालीमनाही ,मन,ाही 
तप्मनातच् ,मन,ातच् 
देहामनाचे ,मन,ाचे 
द्रुमन् ,मन,् 
द्रुमन्चा ,मन,्चा 
द्रुमन्चे ,मन,्चे 
मन्ममोकळेपणे ,मन्ममोकळ,ेपणे 
मनोरंजन् ,मनोरंजन,् 
मनोरंजनाचे ,मनोरंजन,ाचे 
मन्सोक्त ,मन्सोक्त, 
मन्सोक्तप्णे ,मन्सोक्त,प्णे 
मनुष्याबरोबर् ,मनुष्य,ाबरोबर् 
मनुष्याचा ,मनुष्य,ाचा 
मनुष्याची ,मनुष्य,ाची 
मनुष्याचे ,मनुष्य,ाचे 
मनुष्याच्या ,मनुष्य,ाच्या 
मनुष्याजव्ळ ,मनुष्य,ाजव्ळ 
मनुष्याकडे ,मनुष्य,ाकडे 
मनुष्याला ,मनुष्य,ाला 
मनुष्यालाही ,मनुष्य,ालाही 
मनुष्याने ,मनुष्य,ाने 
मनुष्यापेक्षाही ,मनुष्य,ापेक्षाही 
मनुष्यापुढे ,मनुष्य,ापुढे 
मनुष्यास ,मनुष्य,ास 
मनुष्यात ,मनुष्य,ात 
मनुष्य ,मनुष्य, 
मनुष्यब्ळाचा ,मनुष्य,ब्ळाचा 
मनुष्यब्ळाची ,मनुष्य,ब्ळाची 
मनुष्यब्ळ ,मनुष्य,ब्ळ 
मनुष्यग्ण ,मनुष्य,ग्ण 
मनुष्यही ,मनुष्य,ही 
मनुष्यज्न्मात ,मनुष्य,ज्न्मात 
मनुष्यस्माज ,मनुष्य,स्माज 
मनुष्यस्वभाव ,मनुष्य,स्वभाव 
मनुष्यविशेषाची ,मनुष्य,विशेषाची 
निर्मनुष्य ,मनुष्य, 
मनुष्यब्ळाचा ,मनुष्यब्ळ,ाचा 
मनुष्यब्ळाची ,मनुष्यब्ळ,ाची 
मनुष्यब्ळ ,मनुष्यब्ळ, 
अमराठी ,मराठी, 
मराठी ,मराठी, 
मराठीचा ,मराठी,चा 
मराठीच ,मराठी,च 
मराठीचे ,मराठी,चे 
मराठीच्या ,मराठी,च्या 
मराठीला ,मराठी,ला 
मराठीनेच ,मराठी,नेच 
मराठीपण् ,मराठी,पण् 
मराठीप्रमाणे ,मराठी,प्रमाणे 
मराठीतील ,मराठी,तील 
मराठीत ,मराठी,त 
मर्जी ,मर्जी, 
मर्जीही ,मर्जी,ही 
मर्जीतून ,मर्जी,तून 
मर्जीतल्या ,मर्जी,तल्या 
मर्यादा ,मर्यादा, 
मर्यादां ,मर्यादा,ं 
मर्यादेपलीकडे ,मर्यादे,पलीकडे 
मर्यादेपर्यत् ,मर्यादे,पर्यत् 
मर्यादेत ,मर्यादे,त 
मद्याचा ,मद्य,ाचा 
मद्यापानाचा ,मद्य,ापानाचा 
मद्यात ,मद्य,ात 
मद्य ,मद्य, 
मद्यही ,मद्य,ही 
मद्यपानासहित ,मद्य,पानासहित 
मद्यपान ,मद्य,पान 
नव्ऱ्यामद्ये ,मद्य,े 
उमद्या ,मद्य,ा 
मॅट्रिक ,मॅट्रिक, 
मॅट्रिकची ,मॅट्रिक,ची 
मॅट्रिकच्या ,मॅट्रिक,च्या 
मॅट्रिकला ,मॅट्रिक,ला 
मॅट्रिकप्र्यंत ,मॅट्रिक,प्र्यंत 
मॅट्रिकवाल्यांची ,मॅट्रिक,वाल्यांची 
मेंदू ,मेंदू, 
मेंदूची ,मेंदू,ची 
मेंदूचीच ,मेंदू,चीच 
मेंदूचे ,मेंदू,चे 
मेंदूच्या ,मेंदू,च्या 
मेंदूकडे ,मेंदू,कडे 
मेंदूला ,मेंदू,ला 
मेंदूमध्ये ,मेंदू,मध्ये 
मेंदूतले ,मेंदू,तले 
मेफिली ,मेफिली, 
मेफिलींचा ,मेफिली,ंचा 
मेफिलींची ,मेफिली,ंची 
मेफिलींच्या ,मेफिली,ंच्या 
मेफिलीचा ,मेफिली,चा 
मेफिलीचे ,मेफिली,चे 
मेफिलीच्या ,मेफिली,च्या 
मेफिलीने ,मेफिली,ने 
मेफिलीत ,मेफिली,त 
मेफिलीतच् ,मेफिली,तच् 
मेफिलीतला ,मेफिली,तला 
मेफिलीतल्या ,मेफिली,तल्या 
मेहन्ती ,मेहन्त,ी 
मेहन्तीचे ,मेहन्त,ीचे 
मेहन्तीने ,मेहन्त,ीने 
मेहन्तीतून ,मेहन्त,ीतून 
मेहन्त ,मेहन्त, 
घालमेल ,मेल, 
अर्धमेला ,मेल,ा 
जमेल ,मेल, 
मेला ,मेल,ा 
मेलांचं ,मेल,ांचं 
मेलांहून ,मेल,ांहून 
मेलांवर् ,मेल,ांवर् 
मेलांवरून ,मेल,ांवरून 
मेलांवर्च्या ,मेल,ांवर्च्या 
मेलावर् ,मेल,ावर् 
मेलावरून ,मेल,ावरून 
मेलावर्च्या ,मेल,ावर्च्या 
मेली ,मेल,ी 
मेलीच ,मेल,ीच 
मेल ,मेल, 
मेलं ,मेल,ं 
मेलन्च्होल् ,मेल,न्च्होल् 
मेलने ,मेल,ने 
मेले ,मेल,े 
मेलेच ,मेल,ेच 
मेलेलाच ,मेल,ेलाच 
मेलेली ,मेल,ेली 
मेलेले ,मेल,ेले 
मेलेल्या ,मेल,ेल्या 
मेलो ,मेल,ो 
मेल्या ,मेल,्या 
मेल्यांनी ,मेल,्यांनी 
मेल्याची ,मेल,्याची 
मेल्यालं ,मेल,्यालं 
मेल्यापेक्षा ,मेल,्यापेक्षा 
मेल्यावर् ,मेल,्यावर् 
पौर्णिमेला ,मेल,ा 
रक्मेला ,मेल,ा 
संमेलनाला ,मेल,नाला 
सव्वामेल ,मेल, 
मेल्या ,मेल्या, 
मेल्यांनी ,मेल्या,ंनी 
मेल्याची ,मेल्या,ची 
मेल्यालं ,मेल्या,लं 
मेल्यापेक्षा ,मेल्या,पेक्षा 
मेल्यावर् ,मेल्या,वर् 
मेरी ,मेरी, 
मेरीचा ,मेरी,चा 
मेरीची ,मेरी,ची 
मेरीचं ,मेरी,चं 
मेरीच्या ,मेरी,च्या 
मेरीला ,मेरी,ला 
मेरीवर् ,मेरी,वर् 
मेत्री ,मेत्र,ी 
मेत्रीचा ,मेत्र,ीचा 
मेत्रीची ,मेत्र,ीची 
मेत्रीचे ,मेत्र,ीचे 
मेत्रीच्या ,मेत्र,ीच्या 
मेत्रीला ,मेत्र,ीला 
मेत्रीमुळे ,मेत्र,ीमुळे 
मेत्रीसाठी ,मेत्र,ीसाठी 
मेत्र ,मेत्र, 
मेत्रिणी ,मेत्र,िणी 
मेत्रिणींशी ,मेत्र,िणींशी 
मेत्रिणीही ,मेत्र,िणीही 
मेत्रिणीपर्यंत ,मेत्र,िणीपर्यंत 
मेत्रिणी ,मेत्रिण,ी 
मेत्रिणींशी ,मेत्रिण,ींशी 
मेत्रिणीही ,मेत्रिण,ीही 
मेत्रिणीपर्यंत ,मेत्रिण,ीपर्यंत 
मेदानाबाहेर ,मेदान,ाबाहेर 
मेदानावर् ,मेदान,ावर् 
मेदानात ,मेदान,ात 
मेदान ,मेदान, 
मेदाने ,मेदान,े 
म्हातारा ,म्हातार,ा 
म्हातारी ,म्हातार,ी 
म्हातारीचा ,म्हातार,ीचा 
म्हातारीच्या ,म्हातार,ीच्या 
म्हातारीला ,म्हातार,ीला 
म्हातारीनं ,म्हातार,ीनं 
म्हाताऱ्या ,म्हातार,़्या 
म्हाताऱ्याचं ,म्हातार,़्याचं 
म्हातारच्ळ ,म्हातार,च्ळ 
म्हातारप्णाने ,म्हातार,प्णाने 
म्हातारप्ण ,म्हातार,प्ण 
म्हातारे ,म्हातार,े 
अब्रम्हण्यम् ,म्हण,्यम् 
ब्राम्हण् ,म्हण,् 
ब्राम्हणांनी ,म्हण,ांनी 
ब्राम्हणी ,म्हण,ी 
ब्राम्हण्कर् ,म्हण,्कर् 
म्हण् ,म्हण,् 
म्हणा ,म्हण,ा 
म्हणाणारे ,म्हण,ाणारे 
म्हणाला ,म्हण,ाला 
म्हणालास ,म्हण,ालास 
म्हणाली ,म्हण,ाली 
म्हणाले ,म्हण,ाले 
म्हणालेही ,म्हण,ालेही 
म्हणालो ,म्हण,ालो 
म्हणाल्या ,म्हण,ाल्या 
म्हणाल्यासारखी ,म्हण,ाल्यासारखी 
म्हणावा ,म्हण,ावा 
म्हणावी ,म्हण,ावी 
म्हणावयास ,म्हण,ावयास 
म्हणावे ,म्हण,ावे 
म्हणातच् ,म्हण,ातच् 
म्हणातो ,म्हण,ातो 
म्हणायाची ,म्हण,ायाची 
म्हणायचा ,म्हण,ायचा 
म्हणायची ,म्हण,ायची 
म्हणायचीही ,म्हण,ायचीही 
म्हणायच्ं ,म्हण,ायच्ं 
म्हणायचे ,म्हण,ायचे 
म्हणायचेही ,म्हण,ायचेही 
म्हणायच्या ,म्हण,ायच्या 
म्हणायला ,म्हण,ायला 
म्हणायलाही ,म्हण,ायलाही 
म्हणींचे ,म्हण,ींचे 
म्हणीप्रमाणे ,म्हण,ीप्रमाणे 
म्हण्णारा ,म्हण,्णारा 
म्हण्णाऱ्या ,म्हण,्णाऱ्या 
म्हण्णाऱ्यांचा ,म्हण,्णाऱ्यांचा 
म्हण्णाऱ्यांनी ,म्हण,्णाऱ्यांनी 
म्हण्णार ,म्हण,्णार 
म्हण्णारे ,म्हण,्णारे 
म्हण्णारेही ,म्हण,्णारेही 
म्हण्णं ,म्हण,्णं 
म्हण्णंही ,म्हण,्णंही 
म्हण्णे ,म्हण,्णे 
म्हण्णेच ,म्हण,्णेच 
म्हण्ण्याचा ,म्हण,्ण्याचा 
म्हण्ण्याची ,म्हण,्ण्याची 
म्हण्ण्याचे ,म्हण,्ण्याचे 
म्हण्ण्याइतक्या ,म्हण,्ण्याइतक्या 
म्हण्ण्याप्रमाणे ,म्हण,्ण्याप्रमाणे 
म्हण्ण्यासाठी ,म्हण,्ण्यासाठी 
म्हण्ण्यात ,म्हण,्ण्यात 
म्हणू ,म्हण,ू 
म्हणून ,म्हण,ून 
म्हणूनच् ,म्हण,ूनच् 
म्हणूनही ,म्हण,ूनही 
म्हणूनल्च ,म्हण,ूनल्च 
म्हणे ,म्हण,े 
म्हणेल ,म्हण,ेल 
म्हणेनात ,म्हण,ेनात 
म्हणेन ,म्हण,ेन 
म्हण्ज ,म्हण,्ज 
म्हण्जे ,म्हण,्जे 
म्हण्जेच ,म्हण,्जेच 
म्हण्जेचच् ,म्हण,्जेचच् 
म्हण्जेत ,म्हण,्जेत 
म्हण्जो ,म्हण,्जो 
म्हण्ला ,म्हण,्ला 
म्हण्लं ,म्हण,्लं 
म्हण्ल्यावर् ,म्हण,्ल्यावर् 
म्हण्न्यावर् ,म्हण,्न्यावर् 
म्हण्वायाचा ,म्हण,्वायाचा 
म्हण्वत् ,म्हण,्वत् 
म्हण्ता ,म्हण,्ता 
म्हण्ताच ,म्हण,्ताच 
म्हण्ताहेत ,म्हण,्ताहेत 
म्हण्ताक्षणी ,म्हण,्ताक्षणी 
म्हण्ताना ,म्हण,्ताना 
म्हण्ताता ,म्हण,्ताता 
म्हण्तात ,म्हण,्तात 
म्हण्तील ,म्हण,्तील 
म्हण्त ,म्हण,्त 
म्हण्तं ,म्हण,्तं 
म्हण्तच् ,म्हण,्तच् 
म्हण्ते ,म्हण,्ते 
म्हण्तेय ,म्हण,्तेय 
म्हण्तो ,म्हण,्तो 
म्हण्तोस ,म्हण,्तोस 
अब्रम्हण्यम् ,म्हण्,यम् 
ब्राम्हण् ,म्हण्, 
ब्राम्हण्कर् ,म्हण्,कर् 
म्हण् ,म्हण्, 
म्हण्णारा ,म्हण्,णारा 
म्हण्णाऱ्या ,म्हण्,णाऱ्या 
म्हण्णाऱ्यांचा ,म्हण्,णाऱ्यांचा 
म्हण्णाऱ्यांनी ,म्हण्,णाऱ्यांनी 
म्हण्णार ,म्हण्,णार 
म्हण्णारे ,म्हण्,णारे 
म्हण्णारेही ,म्हण्,णारेही 
म्हण्णं ,म्हण्,णं 
म्हण्णंही ,म्हण्,णंही 
म्हण्णे ,म्हण्,णे 
म्हण्णेच ,म्हण्,णेच 
म्हण्ण्याचा ,म्हण्,ण्याचा 
म्हण्ण्याची ,म्हण्,ण्याची 
म्हण्ण्याचे ,म्हण्,ण्याचे 
म्हण्ण्याइतक्या ,म्हण्,ण्याइतक्या 
म्हण्ण्याप्रमाणे ,म्हण्,ण्याप्रमाणे 
म्हण्ण्यासाठी ,म्हण्,ण्यासाठी 
म्हण्ण्यात ,म्हण्,ण्यात 
म्हण्ज ,म्हण्,ज 
म्हण्जे ,म्हण्,जे 
म्हण्जेच ,म्हण्,जेच 
म्हण्जेचच् ,म्हण्,जेचच् 
म्हण्जेत ,म्हण्,जेत 
म्हण्जो ,म्हण्,जो 
म्हण्ला ,म्हण्,ला 
म्हण्लं ,म्हण्,लं 
म्हण्ल्यावर् ,म्हण्,ल्यावर् 
म्हण्न्यावर् ,म्हण्,न्यावर् 
म्हण्वायाचा ,म्हण्,वायाचा 
म्हण्वत् ,म्हण्,वत् 
म्हण्ता ,म्हण्,ता 
म्हण्ताच ,म्हण्,ताच 
म्हण्ताहेत ,म्हण्,ताहेत 
म्हण्ताक्षणी ,म्हण्,ताक्षणी 
म्हण्ताना ,म्हण्,ताना 
म्हण्ताता ,म्हण्,ताता 
म्हण्तात ,म्हण्,तात 
म्हण्तील ,म्हण्,तील 
म्हण्त ,म्हण्,त 
म्हण्तं ,म्हण्,तं 
म्हण्तच् ,म्हण्,तच् 
म्हण्ते ,म्हण्,ते 
म्हण्तेय ,म्हण्,तेय 
म्हण्तो ,म्हण्,तो 
म्हण्तोस ,म्हण्,तोस 
म्हण्ता ,म्हण्ता, 
म्हण्ताच ,म्हण्ता,च 
म्हण्ताहेत ,म्हण्ता,हेत 
म्हण्ताक्षणी ,म्हण्ता,क्षणी 
म्हण्ताना ,म्हण्ता,ना 
म्हण्ताता ,म्हण्ता,ता 
म्हण्तात ,म्हण्ता,त 
मिळाल्या ,मिळाल्,या 
मिळाल्याबद्दल्ही ,मिळाल्,याबद्दल्ही 
मिळाल्याचा ,मिळाल्,याचा 
मिळाल्याची ,मिळाल्,याची 
मिळाल्याचे ,मिळाल्,याचे 
मिळाल्यामुळे ,मिळाल्,यामुळे 
मिळाल्यानं ,मिळाल्,यानं 
मिळाल्यानंतर् ,मिळाल्,यानंतर् 
मिळाल्याने ,मिळाल्,याने 
मिळाल्यासारखा ,मिळाल्,यासारखा 
मिळाल्यास ,मिळाल्,यास 
मिळाल्यावर् ,मिळाल्,यावर् 
मिळाल्यावर्ही ,मिळाल्,यावर्ही 
मिळण्ं ,मिळण्,ं 
मिळण्याऐवजी ,मिळण्,याऐवजी 
मिळण्याचा ,मिळण्,याचा 
मिळण्याची ,मिळण्,याची 
मिळण्याचे ,मिळण्,याचे 
मिळण्यासाठी ,मिळण्,यासाठी 
मिळण्यासाठीही ,मिळण्,यासाठीही 
मिळण्यास ,मिळण्,यास 
मिनिटांचा ,मिनिट,ांचा 
मिनिटांचे ,मिनिट,ांचे 
मिनिटांचेच ,मिनिट,ांचेच 
मिनिटांच्या ,मिनिट,ांच्या 
मिनिटांनी ,मिनिट,ांनी 
मिनिटांवर् ,मिनिट,ांवर् 
मिनिटांत ,मिनिट,ांत 
मिनिटांतच् ,मिनिट,ांतच् 
मिनिटातच् ,मिनिट,ातच् 
मिनिट ,मिनिट, 
मिनिटभ्र ,मिनिट,भ्र 
मिनिटं ,मिनिट,ं 
मिनिटे ,मिनिट,े 
मिसळ्लं ,मिसळ्ल,ं 
मिसळ्ले ,मिसळ्ल,े 
मिसळ्लेल्या ,मिसळ्ल,ेल्या 
मोझेसबाबा ,मोझेसबाबा, 
मोझेसबाबांबरोबर् ,मोझेसबाबा,ंबरोबर् 
मोझेसबाबांचा ,मोझेसबाबा,ंचा 
मोझेसबाबांची ,मोझेसबाबा,ंची 
मोझेसबाबांचे ,मोझेसबाबा,ंचे 
मोझेसबाबांच्या ,मोझेसबाबा,ंच्या 
मोझेसबाबांना ,मोझेसबाबा,ंना 
मोझेसबाबांनी ,मोझेसबाबा,ंनी 
मोझेसबाबाही ,मोझेसबाबा,ही 
मोझेसबाबाला ,मोझेसबाबा,ला 
मोडणाऱ्या ,मोडण,ाऱ्या 
मोडणार ,मोडण,ार 
मोडणारे ,मोडण,ारे 
मोडणे ,मोडण,े 
मोडण्याच्यࢀ¾ ,मोडण,्याच्यࢀ¾ 
मोडण्यात ,मोडण,्यात 
मोहक् ,मोहक्, 
मोहक्ता ,मोहक्,ता 
मोहक्तेत ,मोहक्,तेत 
मोटारीची ,मोटार,ीची 
मोटारीचे ,मोटार,ीचे 
मोटारीच्या ,मोटार,ीच्या 
मोटारीसाठी ,मोटार,ीसाठी 
मोटारीतून ,मोटार,ीतून 
मोटार ,मोटार, 
मोटारसायक्ल ,मोटार,सायक्ल 
मोटारसायक्लने ,मोटार,सायक्लने 
मुख्याध्यप्कही ,मुख्याध्यप्क,ही 
उपमुख्याध्यप्क ,मुख्याध्यप्क, 
अच्चुमुलटिओन् ,मुल,टिओन् 
हुशारमुलांची ,मुल,ांची 
मुला ,मुल,ा 
मुलाखत् ,मुल,ाखत् 
मुलाखती ,मुल,ाखती 
मुलाखतीमधून ,मुल,ाखतीमधून 
मुलाखतीतम्ध्ये ,मुल,ाखतीतम्ध्ये 
मुलांशी ,मुल,ांशी 
मुलांबरोबर् ,मुल,ांबरोबर् 
मुलांचा ,मुल,ांचा 
मुलांची ,मुल,ांची 
मुलांचं ,मुल,ांचं 
मुलांचे ,मुल,ांचे 
मुलांच्या ,मुल,ांच्या 
मुलांच्यापुढे ,मुल,ांच्यापुढे 
मुलांकडे ,मुल,ांकडे 
मुलांमध्ले ,मुल,ांमध्ले 
मुलांना ,मुल,ांना 
मुलांनातव्ंडांशी ,मुल,ांनातव्ंडांशी 
मुलांनी ,मुल,ांनी 
मुलांनो ,मुल,ांनो 
मुलांपेकी ,मुल,ांपेकी 
मुलांपेक्षा ,मुल,ांपेक्षा 
मुलांपुढे ,मुल,ांपुढे 
मुलांसाठी ,मुल,ांसाठी 
मुलांस ,मुल,ांस 
मुलांवर् ,मुल,ांवर् 
मुलांत ,मुल,ांत 
मुलाशीच ,मुल,ाशीच 
मुलाबाळांना ,मुल,ाबाळांना 
मुलाबाळांनाही ,मुल,ाबाळांनाही 
मुलाचा ,मुल,ाचा 
मुलाची ,मुल,ाची 
मुलाचं ,मुल,ाचं 
मुलाचे ,मुल,ाचे 
मुलाचेच ,मुल,ाचेच 
मुलाच्या ,मुल,ाच्या 
मुलाहिजा ,मुल,ाहिजा 
मुलाकडे ,मुल,ाकडे 
मुलाला ,मुल,ाला 
मुलालासुद्धा ,मुल,ालासुद्धा 
मुलामध्ये ,मुल,ामध्ये 
मुलामुलींना ,मुल,ा
मुलानी ,मुल,ानी 
मुलाने ,मुल,ाने 
मुलासाठी ,मुल,ासाठी 
मुलासारखा ,मुल,ासारखा 
मुलासारखाच ,मुल,ासारखाच 
मुलासारखे ,मुल,ासारखे 
मुलावरून ,मुल,ावरून 
मुली ,मुल,ी 
मुलींचा ,मुल,ींचा 
मुलींची ,मुल,ींची 
मुलींचे ,मुल,ींचे 
मुलींच्या ,मुल,ींच्या 
मुलींच्यापेक्षाही ,मुल,ींच्यापेक्षाही 
मुलींकडून ,मुल,ींकडून 
मुलींमध्ये ,मुल,ींमध्ये 
मुलींना ,मुल,ींना 
मुलींनी ,मुल,ींनी 
मुलीशी ,मुल,ीशी 
मुलीचा ,मुल,ीचा 
मुलीची ,मुल,ीची 
मुलीच ,मुल,ीच 
मुलीचे ,मुल,ीचे 
मुलीच्या ,मुल,ीच्या 
मुलीकड्च्या ,मुल,ीकड्च्या 
मुलीला ,मुल,ीला 
मुलीलाही ,मुल,ीलाही 
मुलीमुलांवर् ,मुल,ी
मुलीपेक्षा ,मुल,ीपेक्षा 
मुलीसारखी ,मुल,ीसारखी 
मुलीसारख्ं ,मुल,ीसारख्ं 
मुलीसारख्या ,मुल,ीसारख्या 
मुलीवर् ,मुल,ीवर् 
मुलभूत ,मुल,भूत 
मुलखावेगळाच ,मुल,खावेगळाच 
मुलखावेगळी ,मुल,खावेगळी 
मुलखात ,मुल,खात 
मुलखातल्या ,मुल,खातल्या 
मुलं ,मुल,ं 
मुलंबाळं ,मुल,ंबाळं 
मुलगा ,मुल,गा 
मुलगी ,मुल,गी 
मुलगीच ,मुल,गीच 
मुलगीकु ,मुल,गीकु 
मुलगीसुद्धा ,मुल,गीसुद्धा 
मुलगीत ,मुल,गीत 
मुलगे ,मुल,गे 
मुलकी ,मुल,की 
मुले ,मुल,े 
मुलेबाळे ,मुल,ेबाळे 
मुलेही ,मुल,ेही 
मुलेमाणसे ,मुल,ेमाणसे 
मुलिनर् ,मुल,िनर् 
मुल्यांक ,मुल,्यांक 
मुल्याचा ,मुल,्याचा 
त्यामुलेच ,मुल,ेच 
मुलामुलींना ,मुली,ंना 
मुली ,मुली, 
मुलींचा ,मुली,ंचा 
मुलींची ,मुली,ंची 
मुलींचे ,मुली,ंचे 
मुलींच्या ,मुली,ंच्या 
मुलींच्यापेक्षाही ,मुली,ंच्यापेक्षाही 
मुलींकडून ,मुली,ंकडून 
मुलींमध्ये ,मुली,ंमध्ये 
मुलींना ,मुली,ंना 
मुलींनी ,मुली,ंनी 
मुलीशी ,मुली,शी 
मुलीचा ,मुली,चा 
मुलीची ,मुली,ची 
मुलीच ,मुली,च 
मुलीचे ,मुली,चे 
मुलीच्या ,मुली,च्या 
मुलीकड्च्या ,मुली,कड्च्या 
मुलीला ,मुली,ला 
मुलीलाही ,मुली,लाही 
मुलीमुलांवर् ,मुली,मुलांवर् 
मुलीपेक्षा ,मुली,पेक्षा 
मुलीसारखी ,मुली,सारखी 
मुलीसारख्ं ,मुली,सारख्ं 
मुलीसारख्या ,मुली,सारख्या 
मुलीवर् ,मुली,वर् 
मुसल्मानांचे ,मुसल्मान,ांचे 
मुसल्मानांच्याकपा ,मुसल्मान,ांच्याकपा 
मुसल्मानांना ,मुसल्मान,ांना 
मुसल्मानांसाठी ,मुसल्मान,ांसाठी 
मुसल्मानांतला ,मुसल्मान,ांतला 
मुसल्मानासारखी ,मुसल्मान,ासारखी 
मुसल्मानासारखे ,मुसल्मान,ासारखे 
मुसल्मानी ,मुसल्मान,ी 
मुसल्मान ,मुसल्मान, 
मुसल्मानविरोधी ,मुसल्मान,विरोधी 
म्युन्सीपालीटीकडून ,म्युन्सीपालीटी,कडून 
कर्नाटक् ,नाटक,् 
कर्नाटकी ,नाटक,ी 
नाटक् ,नाटक,् 
नाटका ,नाटक,ा 
नाटकांचा ,नाटक,ांचा 
नाटकांची ,नाटक,ांची 
नाटकांचे ,नाटक,ांचे 
नाटकांचेही ,नाटक,ांचेही 
नाटकांच्या ,नाटक,ांच्या 
नाटकांना ,नाटक,ांना 
नाटकांतील ,नाटक,ांतील 
नाटकांतून ,नाटक,ांतून 
नाटकांत ,नाटक,ांत 
नाटकांतली ,नाटक,ांतली 
नाटकाबद्दल् ,नाटक,ाबद्दल् 
नाटकाचा ,नाटक,ाचा 
नाटकाची ,नाटक,ाची 
नाटकाचे ,नाटक,ाचे 
नाटकाच्या ,नाटक,ाच्या 
नाटकाच्यया ,नाटक,ाच्यया 
नाटकाला ,नाटक,ाला 
नाटकामध्ये ,नाटक,ामध्ये 
नाटकामुळे ,नाटक,ामुळे 
नाटकाने ,नाटक,ाने 
नाटकार ,नाटक,ार 
नाटकासाठी ,नाटक,ासाठी 
नाटकासारखा ,नाटक,ासारखा 
नाटकावर् ,नाटक,ावर् 
नाटकाविषयी ,नाटक,ाविषयी 
नाटकातील ,नाटक,ातील 
नाटकात ,नाटक,ात 
नाटकातही ,नाटक,ातही 
नाटकातला ,नाटक,ातला 
नाटकातली ,नाटक,ातली 
नाटकातल्ं ,नाटक,ातल्ं 
नाटकातले ,नाटक,ातले 
नाटकातल्या ,नाटक,ातल्या 
नाटकी ,नाटक,ी 
नाटकीपणा ,नाटक,ीपणा 
नाटकीपणाच ,नाटक,ीपणाच 
नाटक्ं ,नाटक,्ं 
नाटक्च ,नाटक,्च 
नाटके ,नाटक,े 
नाटक्ही ,नाटक,्ही 
नाटक्कार ,नाटक,्कार 
नाटक्कारच् ,नाटक,्कारच् 
नाटक्कंपनीतले ,नाटक,्कंपनीतले 
नाटक्कराने ,नाटक,्कराने 
नाटक्मंडळी ,नाटक,्मंडळी 
नाटक्विषय्क ,नाटक,्विषय्क 
आचारविचारांच्या ,रवि,चारांच्या 
आचारविचार ,रवि,चार 
आहारविषय्क ,रवि,षय्क 
आजारविचांराचा ,रवि,चांराचा 
फिरविते ,रवि,ते 
शस्त्रविद्येचे ,रवि,द्येचे 
ठारविक ,रवि,क 
अरविंद ,रवि,ंद 
अस्त्रविद्येत ,रवि,द्येत 
गुरूरवि ,रवि, 
हिरवि ,रवि, 
नेत्रविकारांच्या ,रवि,कारांच्या 
नेत्रविकार ,रवि,कार 
पस्रविण्यापेक्षाकिंवा ,रवि,ण्यापेक्षाकिंवा 
पस्रविले ,रवि,ले 
पस्रवितात ,रवि,तात 
प्रविष्ट ,रवि,ष्ट 
पुरविणाऱ्या ,रवि,णाऱ्या 
पुरविणे ,रवि,णे 
पुरविण्याच्या ,रवि,ण्याच्या 
पुरविण्यासाठी ,रवि,ण्यासाठी 
पुरविण्यात ,रवि,ण्यात 
पुरविला ,रवि,ला 
पुरविले ,रवि,ले 
पुरविलेल्या ,रवि,लेल्या 
पुरविल्या ,रवि,ल्या 
पुरविता ,रवि,ता 
पुरवितात ,रवि,तात 
पुरविते ,रवि,ते 
राष्ट्रविकास ,रवि,कास 
रवि ,रवि, 
रविचा ,रवि,चा 
रविचे ,रवि,चे 
रविच्या ,रवि,च्या 
रविपासून ,रवि,पासून 
रविप्रधान ,रवि,प्रधान 
रविरेषा ,रवि,रेषा 
रविवारी ,रवि,वारी 
रविवार ,रवि,वार 
रविवारची ,रवि,वारची 
रविवारच्या ,रवि,वारच्या 
वीरविडंबना ,रवि,डंबना 
विचारविनिमय् ,रवि,निमय् 
विचारविनिमयाची ,रवि,निमयाची 
विकारविलसित ,रवि,लसित 
रवींद्रनाथांच्या ,रवींद्रनाथ,ांच्या 
रवींद्रनाथांच्याच ,रवींद्रनाथ,ांच्याच 
रवींद्रनाथांकडूनच् ,रवींद्रनाथ,ांकडूनच् 
रवींद्रनाथांनी ,रवींद्रनाथ,ांनी 
रवींद्रनाथांसाठी ,रवींद्रनाथ,ांसाठी 
रवींद्रनाथांसारखाच ,रवींद्रनाथ,ांसारखाच 
रवींद्रनाथ ,रवींद्रनाथ, 
रत्नागिरीला ,रत्नागिरी,ला 
रत्नागिरीसारख्या ,रत्नागिरी,सारख्या 
रत्नागिरीत ,रत्नागिरी,त 
रेंगाळू ,रेंगाळ,ू 
रेंगाळून ,रेंगाळ,ून 
रेंगाळणेच ,रेंगाळ,णेच 
रेंगाळला ,रेंगाळ,ला 
रेंगाळली ,रेंगाळ,ली 
रेंगाळले ,रेंगाळ,ले 
रेंगाळत् ,रेंगाळ,त् 
रेंगाळे ,रेंगाळ,े 
फ्रोजेच्ट् ,रोज,ेच्ट् 
फ्रोजेच्टिओन् ,रोज,ेच्टिओन् 
बेरोजगार ,रोज,गार 
नायट्रोजन् ,रोज,न् 
प्रोजेच्टिओन् ,रोज,ेच्टिओन् 
रोजी ,रोज,ी 
रोजीनं ,रोज,ीनं 
रोज ,रोज, 
रोजचा ,रोज,चा 
रोजची ,रोज,ची 
रोजच्या ,रोज,च्या 
रोजच्यारोज ,रोज,च्या
रोजगारांच्या ,रोज,गारांच्या 
रोजगाराच्या ,रोज,गाराच्या 
रोजगारामध्ये ,रोज,गारामध्ये 
रोजगारासाठी ,रोज,गारासाठी 
रोजगार ,रोज,गार 
रोज्यारोज ,रोज,्या
सरोजिनी ,रोज,िनी 
स्वय्ंरोजगाराच्या ,रोज,गाराच्या 
स्वय्ंरोजगारासाठी ,रोज,गारासाठी 
स्वय्ंरोजगारात ,रोज,गारात 
स्वय्ंरोजगार ,रोज,गार 
उरोजांमुळे ,रोज,ांमुळे 
उरोज ,रोज, 
दर्रोज ,रोज, 
दर्रोजच् ,रोज,च् 
सांभाळा ,सांभाळ,ा 
सांभाळावी ,सांभाळ,ावी 
सांभाळायची ,सांभाळ,ायची 
सांभाळीत ,सांभाळ,ीत 
सांभाळून ,सांभाळ,ून 
सांभाळ ,सांभाळ, 
सांभाळणाऱ्या ,सांभाळ,णाऱ्या 
सांभाळणे ,सांभाळ,णे 
सांभाळण्याबाबत् ,सांभाळ,ण्याबाबत् 
सांभाळण्याचे ,सांभाळ,ण्याचे 
सांभाळण्याच्या ,सांभाळ,ण्याच्या 
सांभाळता ,सांभाळ,ता 
प्रसांगामधे ,सांग,ामधे 
सांगा ,सांग,ा 
सांगावा ,सांग,ावा 
सांगावं ,सांग,ावं 
सांगावंस ,सांग,ावंस 
सांगावयाचे ,सांग,ावयाचे 
सांगावे ,सांग,ावे 
सांगावेसे ,सांग,ावेसे 
सांगाव्या ,सांग,ाव्या 
सांगायाचं ,सांग,ायाचं 
सांगायचा ,सांग,ायचा 
सांगायची ,सांग,ायची 
सांगायच्ं ,सांग,ायच्ं 
सांगायच्ंय् ,सांग,ायच्ंय् 
सांगायचे ,सांग,ायचे 
सांगायच्या ,सांग,ायच्या 
सांगायला ,सांग,ायला 
सांगायेच ,सांग,ायेच 
सांगीटला ,सांग,ीटला 
सांगीतले ,सांग,ीतले 
सांगू ,सांग,ू 
सांगूण ,सांग,ूण 
सांगून ,सांग,ून 
सांगूनच् ,सांग,ूनच् 
सांगूनच्ं ,सांग,ूनच्ं 
सांगूनही ,सांग,ूनही 
सांग ,सांग, 
सांगणारा ,सांग,णारा 
सांगणारी ,सांग,णारी 
सांगणाऱ्या ,सांग,णाऱ्या 
सांगणार ,सांग,णार 
सांगणारे ,सांग,णारे 
सांगणारेच ,सांग,णारेच 
सांगणे ,सांग,णे 
सांगणेही ,सांग,णेही 
सांगण्या ,सांग,ण्या 
सांगण्याऐवजी ,सांग,ण्याऐवजी 
सांगण्याचा ,सांग,ण्याचा 
सांगण्याची ,सांग,ण्याची 
सांगण्याचीच ,सांग,ण्याचीच 
सांगण्याचं ,सांग,ण्याचं 
सांगण्याचे ,सांग,ण्याचे 
सांगण्याइतके ,सांग,ण्याइतके 
सांगण्याने ,सांग,ण्याने 
सांगण्यानुसार ,सांग,ण्यानुसार 
सांगण्यापूर्वी ,सांग,ण्यापूर्वी 
सांगण्यासाठी ,सांग,ण्यासाठी 
सांगण्यासारखा ,सांग,ण्यासारखा 
सांगण्यासारखे ,सांग,ण्यासारखे 
सांगण्यास ,सांग,ण्यास 
सांगण्यावरून ,सांग,ण्यावरून 
सांगण्यात ,सांग,ण्यात 
सांगशील ,सांग,शील 
सांगड् ,सांग,ड् 
सांगली ,सांग,ली 
सांगलीच्या ,सांग,लीच्या 
सांगलीला ,सांग,लीला 
सांगत् ,सांग,त् 
सांगता ,सांग,ता 
सांगताच ,सांग,ताच 
सांगताहेत ,सांग,ताहेत 
सांगताना ,सांग,ताना 
सांगतानादेखील ,सांग,तानादेखील 
सांगतात ,सांग,तात 
सांगतील ,सांग,तील 
सांगते ,सांग,ते 
सांगतो ,सांग,तो 
सांगतोय ,सांग,तोय 
सांगे ,सांग,े 
सांगेल ,सांग,ेल 
सांगेना ,सांग,ेना 
सांगेन ,सांग,ेन 
सांगेपर्यंत ,सांग,ेपर्यंत 
सांगि ,सांग,ि 
सांगितला ,सांग,ितला 
सांगितलाय ,सांग,ितलाय 
सांगितली ,सांग,ितली 
सांगितलीत ,सांग,ितलीत 
सांगितल्ं ,सांग,ितल्ं 
सांगितल्ंय ,सांग,ितल्ंय 
सांगितले ,सांग,ितले 
सांगितलेला ,सांग,ितलेला 
सांगितलेली ,सांग,ितलेली 
सांगितलेलं ,सांग,ितलेलं 
सांगितलेले ,सांग,ितलेले 
सांगितलेल्या ,सांग,ितलेल्या 
सांगितलेत ,सांग,ितलेत 
सांगितलो ,सांग,ितलो 
सांगितल्या ,सांग,ितल्या 
सांगितल्याखेरीज ,सांग,ितल्याखेरीज 
सांगितल्यानंतर् ,सांग,ितल्यानंतर् 
सांगितल्याप्रमाणे ,सांग,ितल्याप्रमाणे 
सांगितल्यावाचून ,सांग,ितल्यावाचून 
सांगितल्यावर् ,सांग,ितल्यावर् 
यथासांग ,सांग, 
प्रसांगामधे ,सांग,ामधे 
सांगा ,सांग,ा 
सांगावा ,सांग,ावा 
सांगावं ,सांग,ावं 
सांगावंस ,सांग,ावंस 
सांगावयाचे ,सांग,ावयाचे 
सांगावे ,सांग,ावे 
सांगावेसे ,सांग,ावेसे 
सांगाव्या ,सांग,ाव्या 
सांगायाचं ,सांग,ायाचं 
सांगायचा ,सांग,ायचा 
सांगायची ,सांग,ायची 
सांगायच्ं ,सांग,ायच्ं 
सांगायच्ंय् ,सांग,ायच्ंय् 
सांगायचे ,सांग,ायचे 
सांगायच्या ,सांग,ायच्या 
सांगायला ,सांग,ायला 
सांगायेच ,सांग,ायेच 
सांगीटला ,सांग,ीटला 
सांगीतले ,सांग,ीतले 
सांगू ,सांग,ू 
सांगूण ,सांग,ूण 
सांगून ,सांग,ून 
सांगूनच् ,सांग,ूनच् 
सांगूनच्ं ,सांग,ूनच्ं 
सांगूनही ,सांग,ूनही 
सांग ,सांग, 
सांगणारा ,सांग,णारा 
सांगणारी ,सांग,णारी 
सांगणाऱ्या ,सांग,णाऱ्या 
सांगणार ,सांग,णार 
सांगणारे ,सांग,णारे 
सांगणारेच ,सांग,णारेच 
सांगणे ,सांग,णे 
सांगणेही ,सांग,णेही 
सांगण्या ,सांग,ण्या 
सांगण्याऐवजी ,सांग,ण्याऐवजी 
सांगण्याचा ,सांग,ण्याचा 
सांगण्याची ,सांग,ण्याची 
सांगण्याचीच ,सांग,ण्याचीच 
सांगण्याचं ,सांग,ण्याचं 
सांगण्याचे ,सांग,ण्याचे 
सांगण्याइतके ,सांग,ण्याइतके 
सांगण्याने ,सांग,ण्याने 
सांगण्यानुसार ,सांग,ण्यानुसार 
सांगण्यापूर्वी ,सांग,ण्यापूर्वी 
सांगण्यासाठी ,सांग,ण्यासाठी 
सांगण्यासारखा ,सांग,ण्यासारखा 
सांगण्यासारखे ,सांग,ण्यासारखे 
सांगण्यास ,सांग,ण्यास 
सांगण्यावरून ,सांग,ण्यावरून 
सांगण्यात ,सांग,ण्यात 
सांगशील ,सांग,शील 
सांगड् ,सांग,ड् 
सांगली ,सांग,ली 
सांगलीच्या ,सांग,लीच्या 
सांगलीला ,सांग,लीला 
सांगत् ,सांग,त् 
सांगता ,सांग,ता 
सांगताच ,सांग,ताच 
सांगताहेत ,सांग,ताहेत 
सांगताना ,सांग,ताना 
सांगतानादेखील ,सांग,तानादेखील 
सांगतात ,सांग,तात 
सांगतील ,सांग,तील 
सांगते ,सांग,ते 
सांगतो ,सांग,तो 
सांगतोय ,सांग,तोय 
सांगे ,सांग,े 
सांगेल ,सांग,ेल 
सांगेना ,सांग,ेना 
सांगेन ,सांग,ेन 
सांगेपर्यंत ,सांग,ेपर्यंत 
सांगि ,सांग,ि 
सांगितला ,सांग,ितला 
सांगितलाय ,सांग,ितलाय 
सांगितली ,सांग,ितली 
सांगितलीत ,सांग,ितलीत 
सांगितल्ं ,सांग,ितल्ं 
सांगितल्ंय ,सांग,ितल्ंय 
सांगितले ,सांग,ितले 
सांगितलेला ,सांग,ितलेला 
सांगितलेली ,सांग,ितलेली 
सांगितलेलं ,सांग,ितलेलं 
सांगितलेले ,सांग,ितलेले 
सांगितलेल्या ,सांग,ितलेल्या 
सांगितलेत ,सांग,ितलेत 
सांगितलो ,सांग,ितलो 
सांगितल्या ,सांग,ितल्या 
सांगितल्याखेरीज ,सांग,ितल्याखेरीज 
सांगितल्यानंतर् ,सांग,ितल्यानंतर् 
सांगितल्याप्रमाणे ,सांग,ितल्याप्रमाणे 
सांगितल्यावाचून ,सांग,ितल्यावाचून 
सांगितल्यावर् ,सांग,ितल्यावर् 
यथासांग ,सांग, 
शब्दप्रसाधनांचा ,साधना,ंचा 
श्रव्णसाधना ,साधना, 
साधना ,साधना, 
साधनांचा ,साधना,ंचा 
साधनांची ,साधना,ंची 
साधनांच्या ,साधना,ंच्या 
साधनांमुळे ,साधना,ंमुळे 
साधनांनी ,साधना,ंनी 
साधनांसाठी ,साधना,ंसाठी 
साधनांतून ,साधना,ंतून 
साधनाचा ,साधना,चा 
साधनामार्गावरील ,साधना,मार्गावरील 
साधनामार्गात ,साधना,मार्गात 
साधनामध्ये ,साधना,मध्ये 
साधनावर् ,साधना,वर् 
साहित्या ,साहित्य,ा 
साहित्यांच्या ,साहित्य,ांच्या 
साहित्याची ,साहित्य,ाची 
साहित्याचे ,साहित्य,ाचे 
साहित्याच्या ,साहित्य,ाच्या 
साहित्याला ,साहित्य,ाला 
साहित्याविषयी ,साहित्य,ाविषयी 
साहित्यातील ,साहित्य,ातील 
साहित्यातून ,साहित्य,ातून 
साहित्यात ,साहित्य,ात 
साहित्यातला ,साहित्य,ातला 
साहित्यातले ,साहित्य,ातले 
साहित्य ,साहित्य, 
साहित्यकारांते ,साहित्य,कारांते 
साहित्यक्लांच्या ,साहित्य,क्लांच्या 
साहित्यनिर्मिती ,साहित्य,निर्मिती 
साहित्यप्रेमाचे ,साहित्य,प्रेमाचे 
साहित्यिकां ,साहित्य,िकां 
साहित्यिक ,साहित्य,िक 
संतसाहित्यातली ,साहित्य,ातली 
साकार ,साकार, 
साकारणाऱ्या ,साकार,णाऱ्या 
साकारण्यासाठी ,साकार,ण्यासाठी 
साकारता ,साकार,ता 
अणुसाक्षात्कार ,साक्षात्कार, 
साक्षात्काराने ,साक्षात्कार,ाने 
साक्षात्कार ,साक्षात्कार, 
अभ्यासाला ,साल,ा 
असाल ,साल, 
बाईमाणसाला ,साल,ा 
हाडामांसाला ,साल,ा 
माणासाला ,साल,ा 
माणसाला ,साल,ा 
माणसालाही ,साल,ाही 
मसाले ,साल,े 
मसाल्याची ,साल,्याची 
मद्तनिसाला ,साल,ा 
पर्देशप्रवासाला ,साल,ा 
पोलिसाला ,साल,ा 
पोलिसालाही ,साल,ाही 
प्रवासाला ,साल,ा 
सालापासून ,साल,ापासून 
सालापर्यंत ,साल,ापर्यंत 
सालात ,साल,ात 
सालातली ,साल,ातली 
साली ,साल,ी 
सालीच ,साल,ीच 
सालीच्या ,साल,ीच्या 
साल ,साल, 
सालच् ,साल,च् 
सालचा ,साल,चा 
सालची ,साल,ची 
सालचे ,साल,चे 
सालच्या ,साल,च्या 
सालडे ,साल,डे 
सालही ,साल,ही 
सालक्लीवर् ,साल,क्लीवर् 
सालक्र ,साल,क्र 
सालस् ,साल,स् 
सद्तिसाला ,साल,ा 
वाढदिवसाला ,साल,ा 
वर्साला ,साल,ा 
विकासाला ,साल,ा 
तासाला ,साल,ा 
त्रासाला ,साल,ा 
दर्साल ,साल, 
देवमाणसाला ,साल,ा 
सापड्णारा ,सापड्,णारा 
सापड्णाऱ्या ,सापड्,णाऱ्या 
सापड्णार ,सापड्,णार 
सापड्णं ,सापड्,णं 
सापड्णे ,सापड्,णे 
सापड्ण्यास ,सापड्,ण्यास 
सापड्ला ,सापड्,ला 
सापड्ली ,सापड्,ली 
सापड्ले ,सापड्,ले 
सापड्लेला ,सापड्,लेला 
सापड्लेले ,सापड्,लेले 
सापड्लेल्या ,सापड्,लेल्या 
सापड्लो ,सापड्,लो 
सापड्ल्या ,सापड्,ल्या 
सापड्तात ,सापड्,तात 
सापड्तील ,सापड्,तील 
सापड्त ,सापड्,त 
सापड्तो ,सापड्,तो 
घसाऱ्याची ,साऱ्,याची 
साऱ्या ,साऱ्,या 
साऱ्यांशी ,साऱ्,यांशी 
साऱ्यांच्याच ,साऱ्,यांच्याच 
साऱ्यांना ,साऱ्,यांना 
साऱ्यांनाच ,साऱ्,यांनाच 
साऱ्यांनीच ,साऱ्,यांनीच 
साऱ्याबद्दल् ,साऱ्,याबद्दल् 
साऱ्याला ,साऱ्,याला 
साऱ्यातून ,साऱ्,यातून 
सासूबाईंशीबी ,सासूबाईं,शीबी 
सासूबाईंचा ,सासूबाईं,चा 
सासूबाईंना ,सासूबाईं,ना 
सासूबाईंनाही ,सासूबाईं,नाही 
सासूबाईंनी ,सासूबाईं,नी 
फासावर् ,सावर्, 
अभ्यासावर् ,सावर्, 
इतिहासावर् ,सावर्, 
कोसावर्चे ,सावर्,चे 
माणसावर् ,सावर्, 
सावर्ण्यासाठी ,सावर्,ण्यासाठी 
सावर्ण्यासाठीच ,सावर्,ण्यासाठीच 
सावर्कर् ,सावर्,कर् 
सावर्करांशी ,सावर्,करांशी 
सावर्करांचे ,सावर्,करांचे 
सावर्करांनी ,सावर्,करांनी 
सावर्ली ,सावर्,ली 
सावर्लं ,सावर्,लं 
सावर्ले ,सावर्,ले 
सावर्लेला ,सावर्,लेला 
सावर्त ,सावर्,त 
विकासावर् ,सावर्, 
सातवी ,सातवी, 
सातवीपर्यत् ,सातवी,पर्यत् 
सातवीतली ,सातवी,तली 
आळसात ,सात, 
आपसात ,सात, 
आत्मसात ,सात, 
ऑफिसातील ,सात,ील 
ऑफिसात ,सात, 
ऑफिसातल्या ,सात,ल्या 
श्वासाश्वासातूनच् ,सात,ूनच् 
अभ्यासात ,सात, 
बंदिवासात ,सात, 
चौरसात ,सात, 
गावकुसातल्या ,सात,ल्या 
हिंसात्मक् ,सात,्मक् 
इताहासात ,सात, 
इतिहासातील ,सात,ील 
इतिहासात ,सात, 
कालिदासात ,सात, 
कापसात ,सात, 
कसातारी ,सात,ारी 
केसात ,सात, 
माणसात ,सात, 
मोसमासातील ,सात,ील 
नसानसातून ,सात,ून 
नव्सात ,सात, 
पाचसात ,सात, 
पर्सातला ,सात,ला 
पोलिसात ,सात, 
प्रवासात ,सात, 
प्रवासातला ,सात,ला 
रसात ,सात, 
साडेसाती ,सात,ी 
साडेसातीबाबात ,सात,ीबाबात 
साडेसातीचा ,सात,ीचा 
साडेसातीच्या ,सात,ीच्या 
साडेसातीतील ,सात,ीतील 
साडेसातीत ,सात,ीत 
साडेसात ,सात, 
सातापचे ,सात,ापचे 
सातारा ,सात,ारा 
सातारी ,सात,ारी 
सातारचा ,सात,ारचा 
सातासमुद्रांपलीकड्ल्या ,सात,ासमुद्रांपलीकड्ल्या 
सातूरच्या ,सात,ूरच्या 
सात ,सात, 
सातआठ ,सात,आठ 
सातशे ,सात,शे 
सातज्णांना ,सात,ज्णांना 
सातम्जली ,सात,म्जली 
सातवा ,सात,वा 
सातवी ,सात,वी 
सातवीपर्यत् ,सात,वीपर्यत् 
सातवीतली ,सात,वीतली 
सातव्ळेकर् ,सात,व्ळेकर् 
सातव्या ,सात,व्या 
सातत्याची ,सात,त्याची 
सातत्याने ,सात,त्याने 
सातत्य ,सात,त्य 
सातत्यपूर्ण ,सात,त्यपूर्ण 
सात्त्विक ,सात,्त्विक 
सात्त्विकता ,सात,्त्विकता 
सह्वासात ,सात, 
सह्वासातल्या ,सात,ल्या 
समासातील ,सात,ील 
समासात ,सात, 
सव्वासाताच्या ,सात,ाच्या 
वासातून ,सात,ून 
विकासातील ,सात,ील 
विकासात ,सात, 
व्यव्सायसातत्य ,सात,त्य 
तासात ,सात, 
तासातली ,सात,ली 
तुंरूगवासातल्या ,सात,ल्या 
दम्श्वासातला ,सात,ला 
दिवसातील ,सात,ील 
दिवसातून ,सात,ून 
दिवसात ,सात, 
दिवसातला ,सात,ला 
योगाभ्यासातच् ,सात,च् 
सीमाताईंचेही ,सीमाताईं,चेही 
सीमाताईंच्या ,सीमाताईं,च्या 
सीमाताईंना ,सीमाताईं,ना 
सीमाताईंनाच ,सीमाताईं,नाच 
सीमाताईंनी ,सीमाताईं,नी 
सौदंर्याचा ,सौदंर्य,ाचा 
सौदंर्याची ,सौदंर्य,ाची 
सौदंर्याचे ,सौदंर्य,ाचे 
सौदंर्याने ,सौदंर्य,ाने 
सौदंर्यात ,सौदंर्य,ात 
सौदंर्य ,सौदंर्य, 
सौदंर्यस्ंपन्न ,सौदंर्य,स्ंपन्न 
विचारसौदंर्याचे ,सौदंर्य,ाचे 
