word,stemed
एंगल्स,[]
एंगल्सशी,[]
एंगेजमेंट,[]
एंगेज्ड,[]
एंजल्स,[]
एंजल्सच्या,['एंजल्सच']
एंजिन,[]
एंजिनिअर,[]
एंजॉय,[]
एंजॉयही,[]
एंटरटेनमेंट,[]
एंट्री,[]
एंट्रीला,['एंट्र']
एंडोस्कोपी,[]
एंडोस्कोपीसाठी,['एंडोस्कोप']
एअरकंडिशण्ड,[]
एअरक्राफ्ट,[]
एअरटाईट,[]
एअरटेल,[]
एअरटेलचे,[]
एअरटेलच्या,['एअरटेलच']
एअरटेलने,[]
एअरटेलला,[]
एअरपोर्ट,[]
एअरपोर्टकडे,[]
एअरपोर्टचा,[]
एअरपोर्टच्या,['एअरपोर्टच']
एअरपोर्टजवळच,[]
एअरपोर्टला,[]
एअरपोर्टवर,[]
एअरपोर्टवरच्या,['एअरपोर्टवरच']
एअरपोर्टवरुनच,[]
एअरपोर्टवरून,['एअरपोर्टवर']
एअरपोर्टसारखं,[]
एअरपोर्टहून,['एअरपोर्टह']
एअरफिल्ड,[]
एअरफोर्स,[]
एअरफोर्सचे,[]
एअरबस,[]
एअरलाइनचे,[]
एअरलाइनच्या,['एअरलाइनच']
एअरलाइन्स,[]
एअरलाइन्सना,[]
एअरलाईन्स,[]
एअरलाईन्सच्या,['एअरलाईन्सच']
एअरवेज,[]
एअरवेजची,[]
एअरवेजचे,[]
एअरवेजच्या,['एअरवेजच']
एअरवेजने,[]
एअरहोस्टेसने,[]
एअरोडायनॅमिक,['एअरोडायनॅम']
एक,[]
एकंदर,[]
एकंदरच,[]
एकंदरितच,[]
एकंदरीत,['एकंदर']
एकंदरीतच,"['एकंदरी', 'एकंदर']"
एकंदरीने,[]
एकएक,[]
एकएकटी,[]
एकएकटे,[]
एककलमी,[]
एककल्ली,[]
एककल्लीपणाची,"['एककल्लीपणा', 'एककल्लीपण']"
एककापासून,"['एककापास', 'एकक']"
एकके,[]
एकखांबी,[]
एकगठ्ठा,[]
एकच,[]
एकचतुर्थांश,[]
एकचा,[]
एकचित्त,[]
एकचित्ताने,[]
एकची,[]
एकच्या,['एकच']
एकछत्री,[]
एकछापी,[]
एकजण,[]
एकजणच,[]
एकजात,[]
एकजिनसी,[]
एकजीव,[]
एकजुटीचा,['एकजुट']
एकजुटीची,['एकजुट']
एकजुटीचे,['एकजुट']
एकजुटीच्या,"['एकजुटीच', 'एकजुट']"
एकजुटीने,[]
एकजुटीमुळे,['एकजुट']
एकजुटीला,['एकजुट']
एकजुटीलाच,"['एकजुटील', 'एकजुटी']"
एकजुटीसाठी,['एकजुट']
एकजूट,[]
एकटं,[]
एकटंच,[]
एकटंही,[]
एकटक,[]
एकटच,[]
एकटयानेच,[]
एकटवलेला,"['एकटव', 'एकटवल']"
एकटा,[]
एकटाएकटाच,['एकटाएकट']
एकटाकी,[]
एकटाच,['एकट']
एकटादुकटाच,['एकटादुकट']
एकटी,[]
एकटीच,[]
एकटीचं,['एकट']
एकटीचंच,['एकटी']
एकटीचच,[]
एकटीचा,['एकट']
एकटीचाच,"['एकटीच', 'एकटी']"
एकटीची,['एकट']
एकटीचे,['एकट']
एकटीच्या,"['एकटीच', 'एकट']"
एकटीदेखील,['एकट']
एकटीनं,[]
एकटीनंच,[]
एकटीनच,[]
एकटीने,[]
एकटीनेच,[]
एकटीमुळे,['एकट']
एकटीला,['एकट']
एकटीलाच,"['एकटील', 'एकटी']"
एकटे,[]
एकटेच,[]
एकटेपण,[]
एकटेपणा,[]
एकटेपणाकडे,['एकटेपण']
एकटेपणाच,['एकटेपण']
एकटेपणाचा,"['एकटेपणा', 'एकटेपण']"
एकटेपणाची,"['एकटेपणा', 'एकटेपण']"
एकटेपणाचे,"['एकटेपणा', 'एकटेपण']"
एकटेपणाच्या,"['एकटेपणाच्', 'एकटेपण', 'एकटेपणाच']"
एकटेपणाच्याच,"['एकटेपणाच्य', 'एकटेपणा', 'एकटेपणाच्']"
एकटेपणात,[]
एकटेपणानं,[]
एकटेपणाने,[]
एकटेपणाबद्दल,[]
एकटेपणामुळे,['एकटेपण']
एकटेपणाला,['एकटेपण']
एकटेपणावर,['एकटेपण']
एकटेपणाशी,['एकटेपण']
एकटेपणाही,[]
एकटेही,[]
एकट्या,['एकट']
एकट्याच,"['एकट्य', 'एकट्']"
एकट्याचं,"['एकट्या', 'एकट्य', 'एकट्य']"
एकट्याचंच,"['एकट्याच', 'एकट्या', 'एकट्या']"
एकट्याचा,"['एकट्या', 'एकट्य', 'एकट्य']"
एकट्याचाच,"['एकट्याच', 'एकट्या', 'एकट्या']"
एकट्याची,"['एकट्या', 'एकट्य', 'एकट्य', 'एकट']"
एकट्याचे,"['एकट्या', 'एकट', 'एकट्य', 'एकट्य']"
एकट्याच्या,"['एकट्याच्', 'एकट्य', 'एकट्याच']"
एकट्याच्याच,"['एकट्याच्य', 'एकट्या', 'एकट्याच्']"
एकट्यातलं,['एकट्या']
एकट्यादुकट्या,['एकट्यादुकट']
एकट्यादुकट्याचं,"['एकट्यादुकट्या', 'एकट्यादुकट्य', 'एकट्यादुकट्य']"
एकट्यादुकट्याचे,"['एकट्यादुकट्या', 'एकट्यादुकट', 'एकट्यादुकट्य', 'एकट्यादुकट्य']"
एकट्यादुकट्याला,"['एकट्यादुकट्य', 'एकट्यादुकट्य']"
एकट्यानं,['एकट्य']
एकट्यानंच,['एकट्या']
एकट्यानीच,['एकट्या']
एकट्याने,"['एकट्य', 'एकट']"
एकट्यानेच,"['एकट्या', 'एकट्']"
एकट्याला,"['एकट्य', 'एकट्य']"
एकट्यालाच,"['एकट्याल', 'एकट्या', 'एकट्या']"
एकट्यावर,"['एकट्य', 'एकट', 'एकट्य']"
एकट्यावरच,"['एकट्या', 'एकट्', 'एकट्या']"
एकतंत्री,[]
एकतर,[]
एकतरी,[]
एकतर्फा,[]
एकतर्फी,[]
एकतर्फीच,[]
एकता,[]
एकतानता,[]
एकतानतेतही,['एकतानतेत']
एकतानतेने,[]
एकतानतेवरून,['एकतानतेवर']
एकतारा,[]
एकतारी,[]
एकताल,[]
एकतीस,[]
एकतीसच्या,['एकतीसच']
एकतीसावे,[]
एकतृतीयांश,[]
एकतृतीयांशपेक्षा,[]
एकतेची,[]
एकतेचे,[]
एकतेच्या,['एकतेच']
एकत्र,[]
एकत्रच,[]
एकत्रपणे,[]
एकत्रही,[]
एकत्रित,[]
एकत्रितच,[]
एकत्रितपणे,[]
एकत्रितपणेच,[]
एकत्रितपणेसुद्धा,[]
एकत्रितरीत्या,"['एकत्रितरीत्', 'एकत्रितरीत']"
एकत्रीकरण,[]
एकत्रीकरणातून,"['एकत्रीकरण', 'एकत्रीकरणात']"
एकत्रीकरणातूनच,"['एकत्रीकरणा', 'एकत्रीकरणातू']"
एकत्व,[]
एकत्वाचा,"['एकत्वा', 'एकत्व']"
एकत्वाचाही,"['एकत्वाचा', 'एकत्वाच']"
एकत्वातून,"['एकत्व', 'एकत्वात']"
एकदंत,[]
एकदंरीत,['एकदंर']
एकदम,[]
एकदमच,[]
एकदशस्थानात,[]
एकदशांश,[]
एकदा,[]
एकदाका,[]
एकदाच,['एकद']
एकदाचं,"['एकदा', 'एकद']"
एकदाचा,"['एकदा', 'एकद']"
एकदाची,"['एकदा', 'एकद']"
एकदाचे,"['एकदा', 'एकद']"
एकदाच्या,"['एकदाच्', 'एकद', 'एकदाच']"
एकदाणी,[]
एकदातरी,[]
एकदापण,[]
एकदाही,[]
एकदिलाने,[]
एकदिवस,[]
एकदिवसाचे,"['एकदिवसा', 'एकदिवस']"
एकदिवसीय,[]
एकदिशा,[]
एकदिशी,[]
एकदुसरीचं,['एकदुसर']
एकदुसऱ्याचे,"['एकदुसऱ्या', 'एकदुसऱ', 'एकदुसऱ्य', 'एकदुसऱ्य']"
एकदेवेश्वरवादी,[]
एकदेशी,[]
एकदेशीय,[]
एकदोघांचा,['एकदोघ']
एकदोघांचे,['एकदोघ']
एकदोघांच्या,"['एकदोघांच', 'एकदोघ']"
एकदोघांना,[]
एकदोघांनी,['एकदोघ']
एकदोघांशी,[]
एकदोघी,[]
एकदोघे,[]
एकदोन,[]
एकदोनदा,[]
एकदोनदाच,['एकदोनद']
एकनाड,[]
एकनाथ,[]
एकनाथांची,['एकनाथ']
एकनाथांच्या,"['एकनाथांच', 'एकनाथ']"
एकनाथाच्या,"['एकनाथाच्', 'एकनाथ', 'एकनाथाच']"
एकनाथी,[]
एकनिष्ठ,[]
एकनिष्ठता,[]
एकनिष्ठतेचे,[]
एकनिष्ठतेच्या,['एकनिष्ठतेच']
एकनिष्ठा,[]
एकपंथी,[]
एकपत्नीकत्व,[]
एकपत्नीव्रत,[]
एकपर्यंत,[]
एकपाठी,[]
एकपात्री,[]
एकपासून,['एकपास']
एकपेशीय,[]
एकप्रकारचं,[]
एकप्रकारचा,[]
एकप्रकारची,[]
एकप्रकारचे,[]
एकप्रकारे,[]
एकप्रवाही,[]
एकबाणी,[]
एकभुक्त,[]
एकमजली,[]
एकमत,[]
एकमताचा,"['एकमता', 'एकमत']"
एकमतानं,[]
एकमताने,[]
एकमध्ये,[]
एकमात्र,[]
एकमापी,[]
एकमार्गी,[]
एकमुखानं,[]
एकमुखाने,[]
एकमुखी,[]
एकमुखीपणाला,['एकमुखीपण']
एकमेकांइतकीच,[]
एकमेकांकडील,[]
एकमेकांकडे,[]
एकमेकांकरता,[]
एकमेकांखाली,['एकमेक']
एकमेकांचं,[]
एकमेकांचा,['एकमेक']
एकमेकांची,['एकमेक']
एकमेकांचीच,"['एकमेका', 'एकमेक']"
एकमेकांचे,['एकमेक']
एकमेकांचेच,['एकमेका']
एकमेकांच्या,"['एकमेकांच', 'एकमेक']"
एकमेकांच्यात,"['एकमेकांच्', 'एकमेका']"
एकमेकांजवळ,[]
एकमेकांत,[]
एकमेकांना,[]
एकमेकांनाच,['एकमेकांन']
एकमेकांनी,['एकमेक']
एकमेकांपासून,"['एकमेकांपास', 'एकमेक']"
एकमेकांपेक्षा,['एकमेक']
एकमेकांबद्दल,['एकमेक']
एकमेकांबरोबर,[]
एकमेकांबरोबरच,['एकमेक']
एकमेकांमधल्या,['एकमेकांमधल']
एकमेकांमधील,[]
एकमेकांमधून,['एकमेकांमध']
एकमेकांमधे,[]
एकमेकांमध्ये,['एकमेक']
एकमेकांवर,['एकमेक']
एकमेकांवरच,['एकमेका']
एकमेकांवरचं,['एकमेकां']
एकमेकांवरचा,['एकमेकां']
एकमेकांवरच्या,"['एकमेकांवरच', 'एकमेकांवर']"
एकमेकांवरील,['एकमेकां']
एकमेकांविना,[]
एकमेकांविरुद्ध,[]
एकमेकांविषयी,[]
एकमेकांविषयीची,['एकमेकांविषय']
एकमेकांशिवाय,['एकमेकांशिव']
एकमेकांशी,[]
एकमेकांशीच,[]
एकमेकांशेजारी,[]
एकमेकांस,[]
एकमेकांसमोर,[]
एकमेकांसमोरचा,[]
एकमेकांसाठी,['एकमेक']
एकमेकांसाठीच,['एकमेका']
एकमेकांसारख्या,['एकमेकांसारख']
एकमेकांसोबत,[]
एकमेकांसोबतच,[]
एकमेकांसोबतचं,[]
एकमेकाकडे,['एकमेक']
एकमेकाचं,"['एकमेका', 'एकमेक']"
एकमेकाची,"['एकमेका', 'एकमेक']"
एकमेकाच्या,"['एकमेकाच्', 'एकमेक', 'एकमेकाच']"
एकमेकाजवळ,[]
एकमेकात,[]
एकमेकातील,"['एकमेका', 'एकमेक']"
एकमेकाना,[]
एकमेकाभोवती,[]
एकमेकाला,['एकमेक']
एकमेकावर,['एकमेक']
एकमेकाशी,['एकमेक']
एकमेकास,[]
एकमेकासमोर,[]
एकमेकासाठी,['एकमेक']
एकमेकाहून,['एकमेकाह']
एकमेकींकडे,['एकमेक']
एकमेकींचं,[]
एकमेकींचा,['एकमेक']
एकमेकींची,['एकमेक']
एकमेकींचे,['एकमेक']
एकमेकींच्या,"['एकमेकींच', 'एकमेक']"
एकमेकींना,['एकमेक']
एकमेकींमधे,[]
एकमेकींमध्येच,[]
एकमेकींवर,['एकमेक']
एकमेकींशी,[]
एकमेकीकडे,[]
एकमेकीचे,['एकमेक']
एकमेकीच्या,"['एकमेकीच', 'एकमेक']"
एकमेकीवर,['एकमेक']
एकमेकीविषयी,[]
एकमेव,[]
एकमेवही,[]
एकमेवाद्वितीय,[]
एकर,[]
एकरकमी,[]
एकरच,[]
एकरची,[]
एकरचे,[]
एकरपेक्षा,[]
एकरप्रमाणे,[]
एकरवर,[]
एकरस,[]
एकरहून,['एकरह']
एकरांची,['एकर']
एकरांच्या,"['एकरांच', 'एकर']"
एकरांत,[]
एकरांती,[]
एकरांमध्ये,['एकर']
एकरांवर,['एकर']
एकराखाली,['एकर']
एकराचा,"['एकरा', 'एकर']"
एकराची,"['एकरा', 'एकर']"
एकराच्या,"['एकराच्', 'एकर', 'एकराच']"
एकरात,[]
एकरातून,"['एकर', 'एकरात']"
एकरापेक्षा,['एकर']
एकराला,['एकर']
एकरावर,['एकर']
एकराष्ट्रीयत्व,[]
एकराष्ट्रीयत्वाचा,"['एकराष्ट्रीयत्वा', 'एकराष्ट्रीयत्व']"
एकरास,[]
एकरी,[]
एकरूप,[]
एकरूपच,[]
एकरूपता,[]
एकरूपतेची,[]
एकरूपतेच्या,['एकरूपतेच']
एकरूपतेला,['एकरूपत']
एकरूपत्व,[]
एकल,[]
एकलकोंडा,[]
एकलकोंडी,[]
एकलकोंडे,[]
एकलकोंडेपणा,[]
एकलकोंड्या,['एकलकोंड']
एकलव्य,[]
एकलव्याच्या,"['एकलव्याच्', 'एकलव्य', 'एकलव्याच']"
एकलव्याप्रमाणे,['एकलव्याप्रम']
एकलव्यासारखी,"['एकलव्य', 'एकलव', 'एकलव्यासा']"
एकला,[]
एकवचन,[]
एकवचनात,[]
एकवचनी,[]
एकवटण्याचा,"['एकवटण्या', 'एकवटण्य', 'एकवटण्य']"
एकवटण्याची,"['एकवटण्या', 'एकवटण्य', 'एकवटण्य', 'एकवटण']"
एकवटण्याचे,"['एकवटण्या', 'एकवटण', 'एकवटण्य', 'एकवटण्य']"
एकवटण्याच्या,"['एकवटण्याच्', 'एकवटण्य', 'एकवटण्याच']"
एकवटण्याबरोबरच,"['एकवटण्याबरो', 'एकवटण्या']"
एकवटत,[]
एकवटतात,['एकवट']
एकवटते,[]
एकवटला,[]
एकवटली,[]
एकवटले,[]
एकवटलेलं,['एकवटल']
एकवटलेला,"['एकवट', 'एकवटल']"
एकवटलेली,"['एकवटल', 'एकवट']"
एकवटलेले,"['एकवट', 'एकवटल']"
एकवटलेल्या,"['एकवटल', 'एकवटलेल', 'एकवट']"
एकवटल्याचे,"['एकवटल्या', 'एकवटल', 'एकवटल्य', 'एकवटल्य']"
एकवटू,[]
एकवटून,['एकवट']
एकवस्त्रं,[]
एकवाक्यता,[]
एकवार,[]
एकविचाराने,[]
एकविध,[]
एकविसावी,[]
एकविसावे,[]
एकविसाव्या,['एकविसाव']
एकवीस,[]
एकवीसची,[]
एकवेळ,[]
एकवेळचं,[]
एकवेळचे,[]
एकवेळच्या,['एकवेळच']
एकवेळी,[]
एकशहरी,[]
एकशिक्षकी,[]
एकशे,[]
एकशेएकावा,[]
एकशेचौसष्ट,[]
एकशेचौसष्टवर,[]
एकशेतीन,['एकशेत']
एकशेत्रेसष्टावी,['एकशेत्रेसष्टा']
एकशेवीस,[]
एकशेसत्तर,[]
एकशेसेहेचाळीसावा,[]
एकसंध,[]
एकसंधता,[]
एकसंधतेची,[]
एकसंधतेशी,[]
एकसंधपणा,[]
एकसंधपणाशिवाय,"['एकसंधपणाशिव', 'एकसंधपण']"
एकसंधरीत्या,"['एकसंधरीत्', 'एकसंधरीत']"
एकसदस्यीय,[]
एकसमयावच्छेदेकरून,['एकसमयावच्छेदेकर']
एकसमान,[]
एकसष्ट,[]
एकसष्टी,[]
एकसष्ठीच्या,"['एकसष्ठीच', 'एकसष्ठ']"
एकसाथ,[]
एकसारखं,[]
एकसारखा,[]
एकसारखाच,['एकसारख']
एकसारखी,[]
एकसारखीच,[]
एकसारखे,[]
एकसारखेच,[]
एकसारखेपणा,[]
एकसारख्या,['एकसारख']
एकसारख्याच,"['एकसारख्य', 'एकसारख्']"
एकसुद्धा,[]
एकसुरात,[]
एकसुरी,[]
एकसुरीपणाची,"['एकसुरीपणा', 'एकसुरीपण']"
एकसूत्रता,[]
एकसूत्रीपणा,[]
एकस्तरीय,[]
एकहाती,[]
एकही,[]
एकहीजण,[]
एका,[]
एकांकिका,[]
एकांकिकांचा,['एकांकिक']
एकांकिकांचे,['एकांकिक']
एकांकिकांच्या,"['एकांकिकांच', 'एकांकिक']"
एकांकिकांमधून,['एकांकिकांमध']
एकांकिकांमधे,[]
एकांकिकांमध्ये,['एकांकिक']
एकांकिकेचा,[]
एकांकिकेचे,[]
एकांकिकेत,['एकांकिक']
एकांकिकेने,[]
एकांकिकेस,[]
एकांगी,[]
एकांडं,[]
एकांडा,[]
एकांडे,[]
एकांड्या,['एकांड']
एकांत,[]
एकांतगीत,['एकांतग']
एकांतपणा,[]
एकांतवास,[]
एकांतवासाची,"['एकांतवासा', 'एकांतवास']"
एकांतवासात,[]
एकांताचा,"['एकांता', 'एकांत']"
एकांताची,"['एकांता', 'एकांत']"
एकांताच्या,"['एकांताच्', 'एकांत', 'एकांताच']"
एकांतात,['एकां']
एकांतातले,['एकांता']
एकांतातील,"['एकांता', 'एकांता', 'एकांत']"
एकांतासाठी,['एकांत']
एकांतिक,[]
एकांती,[]
एकाअर्थी,[]
एकाआड,[]
एकाएक,[]
एकाएका,[]
एकाएकी,[]
एकाऐवजी,[]
एकाकडं,[]
एकाकडून,"['एकाकड', 'एक']"
एकाकार,[]
एकाकारही,[]
एकाकी,[]
एकाकीपण,[]
एकाकीपणच,[]
एकाकीपणा,[]
एकाकीपणाचा,"['एकाकीपणा', 'एकाकीपण']"
एकाकीपणाची,"['एकाकीपणा', 'एकाकीपण']"
एकाकीपणाचे,"['एकाकीपणा', 'एकाकीपण']"
एकाकीपणे,[]
एकाक्ष,[]
एकाक्षरी,[]
एकाखाली,['एक']
एकाग्र,[]
एकाग्रचित्त,[]
एकाग्रचित्ताने,[]
एकाग्रता,[]
एकाग्रतेचा,[]
एकाग्रतेच्या,['एकाग्रतेच']
एकाग्रतेने,[]
एकाग्रतेमुळे,[]
एकाग्रपणे,[]
एकाच,['एक']
एकाचं,"['एका', 'एक']"
एकाचप्रकारच्या,"['एकाचप्रकारच्', 'एकाचप्रकारच']"
एकाचवेळी,['एकाचवे']
एकाचवेळेस,['एकाचवेळ']
एकाचा,"['एका', 'एक']"
एकाचाच,"['एकाच', 'एका']"
एकाचाही,"['एकाचा', 'एकाच']"
एकाची,"['एका', 'एक']"
एकाचीच,"['एकाच', 'एका']"
एकाचीही,"['एकाची', 'एकाच', 'एकाच']"
एकाचे,"['एका', 'एक']"
एकाचेच,"['एकाच', 'एक', 'एका']"
एकाच्या,"['एकाच्', 'एक', 'एकाच']"
एकाच्याच,"['एकाच्य', 'एका', 'एकाच्']"
एकाच्याही,"['एकाच्या', 'एकाच', 'एकाच्य']"
एकाजागी,[]
एकात,[]
एकातच,['एक']
एकातरी,[]
एकातही,['एक']
एकातील,"['एका', 'एक']"
एकातून,"['एक', 'एकात']"
एकात्म,[]
एकात्मता,[]
एकात्मतेचा,[]
एकात्मतेची,[]
एकात्मतेचे,[]
एकात्मतेच्या,['एकात्मतेच']
एकात्मतेने,[]
एकात्मतेला,['एकात्मत']
एकात्मतेवर,[]
एकात्मतेसाठी,[]
एकात्मिक,[]
एकात्मिकता,[]
एकात्मिकपणे,[]
एकात्मीकरण,[]
एकात्मीकृत,[]
एकात्म्याबद्दल,['एकात्म्याबद']
एकादश,[]
एकादशात,[]
एकादशी,[]
एकादशीच्या,"['एकादशीच', 'एकादश']"
एकादशीनिमित्त,[]
एकादशीपूर्वी,[]
एकादशीमुळे,['एकादश']
एकादशीला,['एकादश']
एकादशीसारखा,[]
एकादी,[]
एकादे,[]
एकादोघांची,['एकादोघ']
एकाद्या,['एकाद']
एकाद्याची,"['एकाद्या', 'एकाद्य', 'एकाद्य', 'एकाद']"
एकाद्यापासून,"['एकाद्यापास', 'एकाद्यापा', 'एकाद्य']"
एकाधिकार,[]
एकाधिकारशाही,[]
एकाधिकारशाहीचा,['एकाधिकारशाह']
एकाधिकारशाहीच्या,"['एकाधिकारशाहीच', 'एकाधिकारशाह']"
एकाधिकारशाहीनं,[]
एकानं,[]
एकानंतर,['एक']
एकानी,[]
एकानीही,['एकान']
एकाने,[]
एकानेही,[]
एकापरीने,[]
एकापाठी,[]
एकापाठोपाठ,[]
एकापुढे,[]
एकापेक्षा,['एक']
एकाप्रकारची,[]
एकाबाजूला,[]
एकामधे,['एक']
एकामध्ये,['एक']
एकामागून,['एकामाग']
एकामागे,[]
एकामागोमाग,[]
एकामेकांची,['एकामेक']
एकामेकांमागे,[]
एकामेकाना,[]
एकामेवाद्वितीय,[]
एकार,[]
एकारांत,[]
एकारांतीच,[]
एकाराऐवजी,[]
एकार्थाचे,"['एकार्था', 'एकार्थ']"
एकाला,['एक']
एकालाच,"['एकाल', 'एका']"
एकालाही,['एकाल']
एकावर,['एक']
एकावरही,['एकाव']
एकाविरुद्ध,[]
एकावेळी,[]
एकावेळेस,[]
एकाशी,['एक']
एकाशेजारी,[]
एकास,[]
एकासमोर,[]
एकासाठी,['एक']
एकासारखा,[]
एकासारखी,['एक']
एकाहत्तर,[]
एकाही,[]
एकाहून,['एकाह']
एकी,[]
एकीकडं,[]
एकीकडचा,[]
एकीकडच्या,['एकीकडच']
एकीकडून,['एकीकड']
एकीकडे,[]
एकीकरण,[]
एकीकरणच,[]
एकीकरणाची,"['एकीकरणा', 'एकीकरण']"
एकीकरणाचे,"['एकीकरणा', 'एकीकरण']"
एकीकरणात,[]
एकीकरणासंदर्भात,[]
एकीचं,['एक']
एकीचा,['एक']
एकीचाही,['एकीच']
एकीची,['एक']
एकीचे,['एक']
एकीच्या,"['एकीच', 'एक']"
एकीच्याही,"['एकीच्य', 'एकीच']"
एकीनं,[]
एकीने,[]
एकीपुढे,[]
एकीबरोबर,[]
एकीबेकी,[]
एकीमुळे,['एक']
एकीला,['एक']
एकीलाच,"['एकील', 'एकी']"
एकीवर,['एक']
एकीशीच,[]
एकीसाठी,['एक']
एकुणचाळीसपर्यंतची,[]
एकुणतीस,[]
एकुणवीस,[]
एकुणसाठ,[]
एकुणातच,['एकुण']
एकुलतं,[]
एकुलता,[]
एकुलती,[]
एकुलते,[]
एकुलत्या,['एकुलत']
एकूण,[]
एकूणएक,[]
एकूणएका,[]
एकूणच,[]
एकूणपन्नास,[]
एकूणात,[]
एकूणातच,['एकूण']
एके,[]
एकेक,[]
एकेकजण,[]
एकेकटी,[]
एकेकटे,[]
एकेकटेपण,[]
एकेकट्या,['एकेकट']
एकेकट्याच,"['एकेकट्य', 'एकेकट्']"
एकेकट्याच्या,"['एकेकट्याच्', 'एकेकट्य', 'एकेकट्याच']"
एकेकट्यानं,['एकेकट्य']
एकेकट्याने,"['एकेकट्य', 'एकेकट']"
एकेकदा,[]
एकेकदाच,['एकेकद']
एकेका,[]
एकेकाकडे,['एकेक']
एकेकाच,['एकेक']
एकेकाचा,"['एकेका', 'एकेक']"
एकेकाची,"['एकेका', 'एकेक']"
एकेकाचे,"['एकेका', 'एकेक']"
एकेकाच्या,"['एकेकाच्', 'एकेक', 'एकेकाच']"
एकेकाने,[]
एकेकाला,['एकेक']
एकेकाळचा,[]
एकेकाळची,[]
एकेकाळचे,[]
एकेकाळच्या,['एकेकाळच']
एकेकाळाचे,"['एकेकाळा', 'एकेकाळ']"
एकेकाळी,[]
एकेकाशी,['एकेक']
एकेकीचं,['एकेक']
एकेकीचा,['एकेक']
एकेकीच्या,"['एकेकीच', 'एकेक']"
एकेकीने,[]
एकेकीला,['एकेक']
एकेचाळीसाव्या,['एकेचाळीसाव']
एकेठिकाणी,[]
एकेदिवशी,[]
एकेमेकींना,['एकेमेक']
एकेरी,[]
एकेरीत,['एकेर']
एकेरीतच,"['एकेरी', 'एकेर']"
एकेरीतून,"['एकेरीत', 'एकेरीत', 'एकेर']"
एकेरीमध्ये,[]
एकेरीवर,['एकेर']
एकेरीवरून,"['एकेरीव', 'एकेरीवर']"
एकेश्वरवाद,[]
एकेश्वरवादाचा,"['एकेश्वरवादा', 'एकेश्वरवाद']"
एकेश्वरवादी,[]
एकोणतीस,[]
एकोणनव्वद,[]
एकोणनव्वदाव्या,['एकोणनव्वदाव']
एकोणपन्नास,[]
एकोणपन्नासावा,[]
एकोणपन्नासाव्या,['एकोणपन्नासाव']
एकोणसत्तर,[]
एकोणसाठ,[]
एकोणसाठाव्या,['एकोणसाठाव']
एकोणिसशे,[]
एकोणिसावा,[]
एकोणिसाव्या,['एकोणिसाव']
एकोणीशीतला,['एकोणीशीत']
एकोणीस,[]
एकोपा,[]
एकोप्याचा,"['एकोप्या', 'एकोप्य', 'एकोप्य']"
एकोप्याची,"['एकोप्या', 'एकोप्य', 'एकोप्य', 'एकोप']"
एकोप्याच्या,"['एकोप्याच्', 'एकोप्य', 'एकोप्याच']"
एकोप्याने,"['एकोप्य', 'एकोप']"
एकोप्यानेच,"['एकोप्या', 'एकोप्']"
एकोप्यासाठी,"['एकोप्यास', 'एकोप्य']"
एक्का,[]
एक्काच,['एक्क']
एक्कावन,[]
एक्केचाळीस,[]
एक्क्याला,"['एक्क्य', 'एक्क्य']"
एक्झाम,[]
एक्झामचा,[]
एक्झाममधे,[]
एक्झामला,[]
एक्झाम्पल,[]
एक्झिक्युटिव्ह,[]
एक्झिक्युटिव्हजशी,[]
एक्झिक्युटीव्ह,[]
एक्झिट,[]
एक्झिटमुळे,[]
एक्झिटला,[]
एक्झीबिशन,[]
एक्झॅटली,[]
एक्झेक्युटिव्ह,[]
एक्प्रेशन्स,[]
एक्याऐशी,['एक्या']
एक्स,[]
एक्सक्युज,[]
एक्सचेंज,[]
एक्सचेंजच्या,['एक्सचेंजच']
एक्सचेंजमधून,['एक्सचेंजमध']
एक्सचेंजला,[]
एक्सपरिमेंटिंग,[]
एक्सपर्ट,[]
एक्सपर्ट्स,[]
एक्सपिरीयन्स,[]
एक्सपोजर,[]
एक्सपोर्ट,[]
एक्सप्रेशन,[]
एक्सप्रेशनसाठी,[]
एक्सप्रेस,[]
एक्सप्रेसचे,[]
एक्सप्रेसच्या,['एक्सप्रेसच']
एक्सप्रेसने,[]
एक्सप्रेसनेही,[]
एक्सप्रेसमध्ये,[]
एक्सप्रेसला,[]
एक्सप्रेसवेने,[]
एक्सप्रेसवेला,['एक्सप्रेसव']
एक्सप्रेसिव,[]
एक्सप्लेन,[]
एक्सप्लॉयटेशन,[]
एक्सप्लोरेशन,[]
एक्सरसाइजही,[]
एक्सरसाईज,[]
एक्सरे,[]
एक्सलन्स,[]
एक्सलरेटर,[]
एक्ससाईटींग,[]
एक्साइज,[]
एक्साइटमेंट,[]
एक्साईज,[]
एक्साईट,[]
एक्साईटमेंट,[]
एक्साईटींग,[]
एक्सायटिंग,['एक्सायटि']
एक्सायटेड,['एक्सायट']
एक्सिडेंट,[]
एक्सेप्ट,[]
एक्सेल,[]
एक्स्क्लुजिवली,[]
एक्स्क्लूझिव्ह,[]
एक्स्चेंज,[]
एक्स्चेंजकडून,['एक्स्चेंजकड']
एक्स्चेंजचे,[]
एक्स्चेंजच्या,['एक्स्चेंजच']
एक्स्चेंजने,[]
एक्स्चेंजमधे,[]
एक्स्चेंजेस,[]
एक्स्चेंजेसनी,[]
एक्स्चेन्ज,[]
एक्स्टेंडेड,[]
एक्स्टेंन्शन,[]
एक्स्टेंशन,[]
एक्स्टेंशनचे,[]
एक्स्टेंशनवर,[]
एक्स्टेन्शन,[]
एक्स्टेन्सिव्ह,[]
एक्स्ट्रा,[]
एक्स्ट्रांपासून,"['एक्स्ट्रांपास', 'एक्स्ट्र']"
एक्स्ट्राज,[]
एक्स्ट्रीम्स,[]
एक्स्ट्रॉ,[]
एक्स्पर्ट,[]
एक्स्पर्ट्सना,[]
एक्स्पायर,['एक्स्पा']
एक्स्पिरिअन्स,[]
एक्स्पिरिअन्स्ड,[]
एक्स्पिरियन्स,[]
एक्स्पिरियन्सचा,[]
एक्स्पेक्ट,[]
एक्स्पेक्टेड,[]
एक्स्पो,[]
एक्स्पोजर,[]
एक्स्पोर्ट,[]
एक्स्पोर्टही,[]
एक्स्प्रेशन्स,[]
एक्स्प्रेस,[]
एक्स्प्रेसचा,[]
एक्स्प्रेसची,[]
एक्स्प्रेसचे,[]
एक्स्प्रेसच्या,['एक्स्प्रेसच']
एक्स्प्रेसने,[]
एक्स्प्रेसमधून,['एक्स्प्रेसमध']
एक्स्प्रेसमधे,[]
एक्स्प्रेसमध्ये,[]
एक्स्प्रेसला,[]
एक्स्प्रेसही,[]
एक्स्प्लॉईट,[]
एक्स्लंट,[]
एक्‍साईट,[]
एक्‍स्प्रेस,[]
एखाद,[]
एखादं,[]
एखाददुसरं,[]
एखाददुसरा,[]
एखाददुसरी,[]
एखाददुसरे,[]
एखादवेळी,[]
एखादवेळेस,[]
एखादा,[]
एखादाच,['एखाद']
एखादादेखील,[]
एखादी,[]
एखादीच,[]
एखादीचं,['एखाद']
एखादीच्या,"['एखादीच', 'एखाद']"
एखादीतरी,['एखादीत']
एखादीनं,[]
एखादीने,[]
एखादीपुढं,[]
एखादीभोवती,[]
एखादीला,['एखाद']
एखादीवर,['एखाद']
एखादीही,['एखाद']
एखादे,[]
एखादेच,[]
एखादेवेळी,[]
एखादेवेळीच,[]
एखादेवेळेस,[]
एखाद्या,['एखाद']
एखाद्याकडे,"['एखाद्य', 'एखाद्या']"
एखाद्याच,"['एखाद्य', 'एखाद्']"
एखाद्याचं,"['एखाद्या', 'एखाद्य', 'एखाद्य']"
एखाद्याचा,"['एखाद्या', 'एखाद्य', 'एखाद्य']"
एखाद्याची,"['एखाद्या', 'एखाद्य', 'एखाद्य', 'एखाद']"
एखाद्याचे,"['एखाद्या', 'एखाद', 'एखाद्य', 'एखाद्य']"
एखाद्याच्या,"['एखाद्याच्', 'एखाद्य', 'एखाद्याच']"
एखाद्यातरी,['एखाद्या']
एखाद्यानं,['एखाद्य']
एखाद्याने,"['एखाद्य', 'एखाद']"
एखाद्याबद्दल,['एखाद्याबद']
एखाद्याभोवती,['एखाद्याभो']
एखाद्याला,"['एखाद्य', 'एखाद्य']"
एखाद्यालाच,"['एखाद्याल', 'एखाद्या', 'एखाद्या']"
एखाद्यावर,"['एखाद्य', 'एखाद', 'एखाद्य']"
एखाद्याविषयी,"['एखाद्य', 'एखाद्यावि']"
एखाद्यावेळी,['एखाद्याव']
एखाद्याशी,"['एखाद्य', 'एखाद्य']"
एखाद्यास,['एखाद्']
एखाद्यासाठी,"['एखाद्यास', 'एखाद्य']"
एखाद्‍या,[]
एग्झरसाईज,[]
एग्झॅक्ट,[]
एग्झॅक्टली,[]
एचआयव्ही,[]
एचआयव्हीग्रस्त,[]
एचआयव्हीग्रस्तांचे,['एचआयव्हीग्रस्त']
एचआयव्हीग्रस्तांना,[]
एचआयव्हीग्रस्तांसाठी,['एचआयव्हीग्रस्त']
एचआयव्हीची,['एचआयव्ह']
एचआयव्हीप्रमाणेच,[]
एचआयव्हीबाधित,[]
एचआयव्हीबाधितच,[]
एचआयव्हीबाधिताला,['एचआयव्हीबाधित']
एचआयव्हीशी,[]
एचआयव्हीसह,[]
एचएमव्ही,[]
एचडीएफसी,[]
एचडीएफसीकडून,['एचडीएफसीकड']
एजंट,[]
एजंटऐवजी,[]
एजंटकडून,['एजंटकड']
एजंटकडे,[]
एजंटचा,[]
एजंटची,[]
एजंटच्या,['एजंटच']
एजंटनी,[]
एजंटने,[]
एजंटला,[]
एजंटांची,['एजंट']
एजंटांनीच,['एजंटा']
एजंटाचे,"['एजंटा', 'एजंट']"
एजंटाच्या,"['एजंटाच्', 'एजंट', 'एजंटाच']"
एजंटाला,['एजंट']
एजंट्स,[]
एजंट्सचे,[]
एजंट्सना,[]
एजन्सी,[]
एजन्सीकडून,['एजन्सीकड']
एजन्सीकडे,[]
एजन्सीची,['एजन्स']
एजन्सीचे,['एजन्स']
एजन्सीच्या,"['एजन्सीच', 'एजन्स']"
एजन्सीजना,[]
एजन्सीत,['एजन्स']
एजन्सीतलं,['एजन्सीत']
एजन्सीतली,['एजन्सीत']
एजन्सीतून,"['एजन्सीत', 'एजन्सीत', 'एजन्स']"
एजन्सीद्वारे,[]
एजन्सीने,[]
एजन्सीपासून,['एजन्सीपास']
एजन्सीमध्ये,[]
एजन्सीला,['एजन्स']
एजन्सीवर,['एजन्स']
एजन्सीशी,[]
एजन्सीसोबत,[]
एज्युकेशन,[]
एज्युकेशनकडून,['एज्युकेशनकड']
एज्युकेशनच्या,['एज्युकेशनच']
एज्युकेशनतर्फे,[]
एज्युकेशनमधली,[]
एज्युकेशनल,[]
एज्युकेशनला,[]
एटीएम,[]
एटीएममधून,['एटीएममध']
एटीएमवर,[]
एटीएमवरून,['एटीएमवर']
एटॅकसारखं,[]
एडव्हर्टायझिंगचा,['एडव्हर्टायझिंग']
एडिटर,[]
एडिटराच्या,"['एडिटराच्', 'एडिटर', 'एडिटराच']"
एडिटिंग,[]
एडिटिंगच्या,['एडिटिंगच']
एडिटींग,[]
एडिशनबद्दल,[]
एडिशनवर,[]
एडिसनच,[]
एड्स,[]
एड्सग्रस्त,[]
एड्सग्रस्तांकडे,[]
एड्सचं,[]
एड्सचा,[]
एड्सची,[]
एड्सचे,[]
एड्सने,[]
एड्सपेक्षा,[]
एड्सबाधित,[]
एड्सबाबत,[]
एड्समुळे,[]
एड्सवर,[]
एड्सवरच्या,['एड्सवरच']
एड्सविषयी,[]
एड्सविषयीच्या,"['एड्सविषयीच', 'एड्सविषय']"
एड्ससंबंधात,[]
एड्ससंबंधी,[]
एड्‌स,[]
एण्टरटेन्मेंट,[]
एतद्देशीय,[]
एतद्देशीयांची,['एतद्देशीय']
एतद्देशीयांमधील,[]
एनआरआय,[]
एनओसीचे,['एनओस']
एनकाऊंटर,[]
एनजीओ,[]
एनजीओसारखी,[]
एनर्जी,[]
एनर्जीच्या,"['एनर्जीच', 'एनर्ज']"
एनर्जीवर,['एनर्ज']
एनलार्ज,[]
एनव्हलपमध्ये,[]
एनसायक्लोपीडिया,['एनसायक्लोपीडि']
एनसीसी,[]
एनसीसीच्या,"['एनसीसीच', 'एनसीस']"
एनसीसीतून,"['एनसीसीत', 'एनसीसीत', 'एनसीस']"
एनसीसीमध्ये,[]
एनिमा,[]
एनीथिंग,[]
एनीमोअर,[]
एन्काउंटर,[]
एन्काउन्टर,[]
एन्काउन्टरमधलं,[]
एन्काऊंटर,[]
एन्काऊंटरमध्ये,[]
एन्क्रिप्शनची,[]
एन्जॉय,[]
एन्टरटेनमेंट,[]
एन्टरप्रायझेस,['एन्टरप्रायझ']
एन्टरप्रायझेसला,['एन्टरप्रायझेस']
एन्ट्री,[]
एन्ट्रीचा,['एन्ट्र']
एन्ट्रीसाठी,['एन्ट्र']
एन्डोसल्फान,[]
एन्फ्ल्युएंझाच्या,"['एन्फ्ल्युएंझाच्', 'एन्फ्ल्युएंझ', 'एन्फ्ल्युएंझाच']"
एन्व्हायरमेंट,['एन्व्हायरमे']
एन्व्हायर्नमेंटचं,['एन्व्हायर्नमेंट']
एन्व्हायर्नमेंटल,['एन्व्हायर्नमें']
एन्व्हायर्नमेन्ट,['एन्व्हायर्नमेन']
एन्सायक्लोपीडिया,['एन्सायक्लोपीडि']
एपिडेमिक्स,[]
एपिसोड,[]
एपिसोडची,[]
एपिसोडचे,[]
एपिसोडनंतर,[]
एपिसोडमध्ये,[]
एपिसोड्सची,[]
एप्रन,[]
एप्रिल,[]
एप्रिलअखेर,[]
एप्रिलचा,[]
एप्रिलची,[]
एप्रिलच्या,['एप्रिलच']
एप्रिलपर्यंत,[]
एप्रिलपासून,['एप्रिलपास']
एप्रिलपासूनचा,['एप्रिलपासून']
एप्रिलफूल,[]
एप्रिलमधील,[]
एप्रिलमधे,[]
एप्रिलमध्ये,[]
एप्रिलला,[]
एप्रिललाच,['एप्रिलल']
एफआयआर,[]
एफएम,[]
एफएमच्या,['एफएमच']
एफएमनाही,[]
एफएसआय,[]
एफबीआय,[]
एफबीआयच्या,['एफबीआयच']
एफिशिअंट,[]
एफिशियण्ट्ली,[]
एफिशियन्सी,[]
एफिशियन्सीचा,['एफिशियन्स']
एब्स्ट्रॅक्ट,[]
एमआयडीसी,[]
एमआयडीसीकडून,['एमआयडीसीकड']
एमआयडीसीकडे,[]
एमआयडीसीच्या,"['एमआयडीसीच', 'एमआयडीस']"
एमआयडीसीत,['एमआयडीस']
एमआयडीसीतील,"['एमआयडीसीत', 'एमआयडीसी']"
एमआयडीसीमधील,[]
एमआरपी,[]
एमएमआरडीएचा,[]
एमएमआरडीएने,[]
एमएमआरडीएनेही,[]
एमएससीचा,['एमएसस']
एमएससीपर्यंत,[]
एमकॉम,[]
एमटीएनएल,[]
एमटीएनएलकडून,['एमटीएनएलकड']
एमटीएनएलची,[]
एमटीएनएलचे,[]
एमटीएनएलच्या,['एमटीएनएलच']
एमटीएनएलने,[]
एमटीएनएलनेच,[]
एमबीए,[]
एमबीबीएस,[]
एमबीबीएसच्या,['एमबीबीएसच']
एमबीबीएसला,[]
एमबीबीएससाठी,[]
एमिग्रेशनचा,[]
एमेस्सी,[]
एमेस्सीला,['एमेस्स']
एम्पायर,['एम्पा']
एम्प्लॉईज,[]
एम्प्लॉयमेंट,[]
एम्ब्रॉयडरी,[]
एम्ब्रॉयडरीच्या,"['एम्ब्रॉयडरीच', 'एम्ब्रॉयडर']"
एयरकंडीशनरच्या,['एयरकंडीशनरच']
एयरपोर्टवर,[]
एरंड,[]
एरंडाचं,"['एरंडा', 'एरंड']"
एरंडाची,"['एरंडा', 'एरंड']"
एरंडेल,[]
एरवी,[]
एरवीचं,['एरव']
एरवीचा,['एरव']
एरवीचे,['एरव']
एरवीच्या,"['एरवीच', 'एरव']"
एरवीदेखील,['एरव']
एरवीसुद्धा,['एरव']
एरवीही,['एरव']
एरव्ही,[]
एरिक,[]
एरिया,[]
एरियाचा,"['एरिया', 'एरिय']"
एरियातून,"['एरिय', 'एरियात']"
एरियाप्रमाणे,[]
एरियामध्ये,['एरिय']
एरीयात,[]
एरीयातील,"['एरीया', 'एरीय']"
एरीयासारख्या,['एरीयासारख']
एलिझाबेथ,[]
एलिझाबेथच्या,['एलिझाबेथच']
एलिफंटा,[]
एलिमेंट,[]
एलिमेंटरी,[]
एलियन,[]
एलिव्हेटेड,[]
एलेवेटरसाठी,[]
एल्गार,[]
एल्फिन्स्टन,[]
एवंच,[]
एवढं,[]
एवढंच,[]
एवढंसं,[]
एवढंही,[]
एवढच,[]
एवढचं,[]
एवढया,[]
एवढयात,[]
एवढयातेवढयावरून,"['एवढयातेवढय', 'एवढयातेवढयावर', 'एवढयातेवढयाव']"
एवढयापुरताच,['एवढयापुरत']
एवढयाशा,[]
एवढयासाठी,['एवढय']
एवढा,[]
एवढाएवढा,[]
एवढाच,['एवढ']
एवढामोठ्ठा,[]
एवढाल्या,['एवढाल']
एवढासा,[]
एवढासुद्धा,[]
एवढाही,[]
एवढी,[]
एवढीच,[]
एवढीशी,[]
एवढीही,['एवढ']
एवढूसे,[]
एवढे,[]
एवढेच,[]
एवढेसे,[]
एवढेही,[]
एवढ्या,['एवढ']
एवढ्यांदा,['एवढ्या']
एवढ्याच,"['एवढ्य', 'एवढ्']"
एवढ्याचाच,"['एवढ्याच', 'एवढ्या', 'एवढ्या']"
एवढ्यात,['एवढ्']
एवढ्यातच,"['एवढ्य', 'एवढ्य']"
एवढ्यातल्या,"['एवढ्यातल', 'एवढ्य']"
एवढ्यातेवढ्यानं,['एवढ्यातेवढ्य']
एवढ्यातेवढ्यावरून,"['एवढ्यातेवढ्य', 'एवढ्यातेवढ्यावर', 'एवढ्यातेवढ्याव', 'एवढ्यातेवढ्य', 'एवढ्यातेवढ्याव']"
एवढ्यानं,['एवढ्य']
एवढ्यानीही,"['एवढ्यान', 'एवढ्यान']"
एवढ्याने,"['एवढ्य', 'एवढ']"
एवढ्यानेही,"['एवढ्यान', 'एवढ्य']"
एवढ्यापुरता,['एवढ्यापु']
एवढ्यापुरताच,"['एवढ्यापुरत', 'एवढ्यापुर']"
एवढ्यापुरतीच,['एवढ्यापुर']
एवढ्यापुरते,['एवढ्यापु']
एवढ्यावर,"['एवढ्य', 'एवढ', 'एवढ्य']"
एवढ्यावरच,"['एवढ्या', 'एवढ्', 'एवढ्या']"
एवढ्याशा,['एवढ्य']
एवढ्याशीच,"['एवढ्या', 'एवढ्या']"
एवढ्याश्या,['एवढ्याश']
एवढ्याश्याच,"['एवढ्याश्य', 'एवढ्याश्']"
एवढ्यासाठी,"['एवढ्यास', 'एवढ्य']"
एवढ्यासाठीच,"['एवढ्यासा', 'एवढ्या']"
एवढ्याही,['एवढ्य']
एवरेस्टच्या,['एवरेस्टच']
एविंगबरोबर,[]
एवीतेवी,['एवीते']
एव्हडच,[]
एव्हडेच,[]
एव्हड्या,['एव्हड']
एव्हढं,[]
एव्हढंच,[]
एव्हढा,[]
एव्हढाच,['एव्हढ']
एव्हढातरी,[]
एव्हढावेळ,[]
एव्हढाही,[]
एव्हढी,[]
एव्हढीच,[]
एव्हढे,[]
एव्हढेच,[]
एव्हढ्या,['एव्हढ']
एव्हढ्याचसाठी,"['एव्हढ्याचसा', 'एव्हढ्याचस']"
एव्हढ्यात,['एव्हढ्']
एव्हढ्यातच,"['एव्हढ्य', 'एव्हढ्य']"
एव्हढ्यातेव्हढ्या,['एव्हढ्यातेव्हढ']
एव्हढ्यावरच,"['एव्हढ्या', 'एव्हढ्', 'एव्हढ्या']"
एव्हढ्याश्या,['एव्हढ्याश']
एव्हढ्यासाठी,"['एव्हढ्यास', 'एव्हढ्य']"
एव्हरग्रीन,[]
एव्हररेडी,[]
एव्हरीथिंग,[]
एव्हरेस्ट,[]
एव्हरेस्टची,[]
एव्हरेस्टचे,[]
एव्हरेस्टच्या,['एव्हरेस्टच']
एव्हरेस्टदेखील,[]
एव्हरेस्टपूर्व,[]
एव्हरेस्टपेक्षा,[]
एव्हरेस्टपेक्षाही,[]
एव्हरेस्टवर,[]
एव्हरेस्टवरील,[]
एव्हरेस्टवरून,['एव्हरेस्टवर']
एव्हरेस्टविजेती,['एव्हरेस्टविजे']
एव्हरेस्टसारखे,[]
एव्हाना,[]
एव्हानापर्यंत,[]
एव्हाशी,['एव्ह']
एव्हिएशन,[]
एव्ह्ढेच,[]
एशियन,[]
एशिया,[]
एशियाचे,"['एशिया', 'एशिय']"
एशियाटिक,[]
एशियाड,[]
एशियाडच,[]
एशियाडने,[]
एशियाडमध्ये,[]
एशियात,[]
एसईझेड,[]
एसएमएस,[]
एसएमएसचा,[]
एसएमएसद्वारे,[]
एसएमएसनं,[]
एसएमएसने,[]
एसएमएसवरून,['एसएमएसवर']
एसएमएसही,[]
एसएसइसी,[]
एसएससी,[]
एसएससीच्या,"['एसएससीच', 'एसएसस']"
एसएससीनंतर,['एसएसस']
एसटी,[]
एसटीचा,['एसट']
एसटीची,['एसट']
एसटीचे,['एसट']
एसटीच्या,"['एसटीच', 'एसट']"
एसटीडी,[]
एसटीत,['एसट']
एसटीतून,"['एसटीत', 'एसटीत', 'एसट']"
एसटीद्वारे,[]
एसटीनं,[]
एसटीनंच,[]
एसटीनंही,[]
एसटीने,[]
एसटीला,['एसट']
एसटीवर,['एसट']
एसटीवाल्यांचा,"['एसटीवाल्य', 'एसटीवाल्या']"
एसटीसाठी,['एसट']
एसिडिटी,[]
एसीचा,['एस']
एसीची,['एस']
एसीदेखील,['एस']
एसीमध्ये,[]
एसीमुळे,['एस']
एसेमेस,[]
एसेमेसद्वारे,[]
एस्केप,[]
एस्केलेटर,['एस्केल']
एस्कॉर्ट,[]
एस्टिमेट,[]
एस्टिमेट्सचा,[]
एस्टी,[]
एस्टीचं,['एस्ट']
एस्टीची,['एस्ट']
एस्टीच्या,"['एस्टीच', 'एस्ट']"
एस्टीतून,"['एस्टीत', 'एस्टीत', 'एस्ट']"
एस्टीनं,[]
एस्टीस्टँडवर,[]
एस्टॅब्लिश,[]
एस्टॅब्लिशमेंट,[]
एस्ट्यांची,"['एस्ट्य', 'एस्ट्या']"
एहसान,[]
ऐंद्रिय,[]
ऐंशी,[]
ऐंशीच्या,"['ऐंशीच', 'ऐंश']"
ऐंशीनंतर,['ऐंश']
ऐंशीपट,[]
ऐंशीव्या,['ऐंशीव']
ऐक,[]
ऐकणं,[]
ऐकणार,[]
ऐकणारच,[]
ऐकणारा,[]
ऐकणाराही,[]
ऐकणारी,[]
ऐकणारीसुद्धा,['ऐकणार']
ऐकणारे,['ऐक']
ऐकणार्‍या,[]
ऐकणाऱ्या,"['ऐक', 'ऐकणाऱ']"
ऐकणाऱ्यांची,"['ऐकणाऱ', 'ऐकणाऱ्य', 'ऐकणाऱ्या']"
ऐकणाऱ्यांचे,"['ऐकणाऱ', 'ऐकणाऱ्या', 'ऐकणाऱ्य']"
ऐकणाऱ्याचा,"['ऐकणाऱ्या', 'ऐकणा', 'ऐकणाऱ्य', 'ऐकणाऱ्य']"
ऐकणाऱ्याच्या,"['ऐकणाऱ्याच्', 'ऐकणाऱ्', 'ऐकणाऱ्य', 'ऐकणाऱ्याच']"
ऐकणाऱ्याला,"['ऐकणा', 'ऐकणाऱ्य', 'ऐकणाऱ्य']"
ऐकणे,[]
ऐकणेही,[]
ऐकण्या,['ऐकण']
ऐकण्याआधीच,['ऐकण्याआ']
ऐकण्याइतकी,['ऐकण्याइ']
ऐकण्याइतके,['ऐकण्याइ']
ऐकण्याइतकेच,['ऐकण्याइत']
ऐकण्याऐवजी,['ऐकण्याऐ']
ऐकण्याकडे,"['ऐकण्य', 'ऐकण्या']"
ऐकण्याचं,"['ऐकण्या', 'ऐकण्य', 'ऐकण्य']"
ऐकण्याचा,"['ऐकण्या', 'ऐकण्य', 'ऐकण्य']"
ऐकण्याची,"['ऐकण्या', 'ऐकण्य', 'ऐकण्य', 'ऐकण']"
ऐकण्याचे,"['ऐकण्या', 'ऐकण', 'ऐकण्य', 'ऐकण्य']"
ऐकण्याच्या,"['ऐकण्याच्', 'ऐकण्य', 'ऐकण्याच']"
ऐकण्याजोगं,['ऐकण्याज']
ऐकण्यात,['ऐकण्']
ऐकण्यातच,"['ऐकण्य', 'ऐकण्य']"
ऐकण्यातला,"['ऐकण्या', 'ऐकण्य']"
ऐकण्यातली,"['ऐकण्य', 'ऐकण्या']"
ऐकण्यातही,"['ऐकण्या', 'ऐकण्य']"
ऐकण्यानेही,"['ऐकण्यान', 'ऐकण्य']"
ऐकण्यापुरता,['ऐकण्यापु']
ऐकण्यापुरतेच,['ऐकण्यापुर']
ऐकण्यापेक्षा,"['ऐकण्यापेक', 'ऐकण्य']"
ऐकण्याबद्दलचा,['ऐकण्याबद्द']
ऐकण्यावर,"['ऐकण्य', 'ऐकण', 'ऐकण्य']"
ऐकण्यावाचून,"['ऐकण्यावाच', 'ऐकण्यावाच', 'ऐकण्यावा']"
ऐकण्यास,['ऐकण्']
ऐकण्यासही,['ऐकण्या']
ऐकण्यासाठी,"['ऐकण्यास', 'ऐकण्य']"
ऐकण्यासाठीच,"['ऐकण्यासा', 'ऐकण्या']"
ऐकण्यासारखं,"['ऐकण्यासा', 'ऐकण']"
ऐकण्यासारखा,"['ऐकण्यासा', 'ऐकण']"
ऐकण्यासारखी,"['ऐकण्य', 'ऐकण', 'ऐकण्यासा']"
ऐकण्यासोबत,['ऐकण्यास']
ऐकत,[]
ऐकतंच,[]
ऐकतंय,[]
ऐकतच,[]
ऐकतय,[]
ऐकता,[]
ऐकतांच,[]
ऐकतांना,[]
ऐकताक्षणी,[]
ऐकताक्षणीच,[]
ऐकताच,['ऐकत']
ऐकतात,['ऐक']
ऐकताना,[]
ऐकतानाचं,"['ऐकताना', 'ऐकतान']"
ऐकतानाही,[]
ऐकताय,['ऐकत']
ऐकताही,[]
ऐकतील,['ऐक']
ऐकतीलच,['ऐकत']
ऐकते,[]
ऐकतेय,[]
ऐकतेस,[]
ऐकतो,[]
ऐकतोच,[]
ऐकतोय,['ऐक']
ऐकतोयस,['ऐकत']
ऐकतोस,[]
ऐकमत्य,[]
ऐकलं,[]
ऐकलंच,[]
ऐकलंत,[]
ऐकलंन,[]
ऐकलंय,['ऐक']
ऐकलंस,[]
ऐकलंही,[]
ऐकलच,[]
ऐकलत,[]
ऐकलय,[]
ऐकलयं,[]
ऐकलस,[]
ऐकला,[]
ऐकलाच,['ऐकल']
ऐकलाय,['ऐकल']
ऐकली,[]
ऐकलीच,[]
ऐकलीस,[]
ऐकलीसुद्धा,['ऐकल']
ऐकलीही,['ऐकल']
ऐकले,[]
ऐकलेच,[]
ऐकलेत,['ऐकल']
ऐकलेय,[]
ऐकलेलं,['ऐकल']
ऐकलेला,"['ऐक', 'ऐकल']"
ऐकलेलाच,"['ऐकलेल', 'ऐकल', 'ऐकले']"
ऐकलेली,"['ऐकल', 'ऐक']"
ऐकलेले,"['ऐक', 'ऐकल']"
ऐकलेलेपण,"['ऐकले', 'ऐकलेल']"
ऐकलेल्या,"['ऐकल', 'ऐकलेल', 'ऐक']"
ऐकलेल्यांना,"['ऐकलेल्', 'ऐकलेल्या', 'ऐकल', 'ऐकलेल']"
ऐकलेस,[]
ऐकलेही,[]
ऐकल्या,['ऐकल']
ऐकल्याऐकल्या,['ऐकल्याऐकल']
ऐकल्याच,"['ऐकल्य', 'ऐकल्']"
ऐकल्याचं,"['ऐकल्या', 'ऐकल्य', 'ऐकल्य']"
ऐकल्याचा,"['ऐकल्या', 'ऐकल्य', 'ऐकल्य']"
ऐकल्याचे,"['ऐकल्या', 'ऐकल', 'ऐकल्य', 'ऐकल्य']"
ऐकल्यानंतर,"['ऐकल्यान', 'ऐकल्य']"
ऐकल्याने,"['ऐकल्य', 'ऐकल', 'ऐक']"
ऐकल्यापासून,"['ऐकल्यापास', 'ऐकल्यापा', 'ऐकल्य']"
ऐकल्याप्रमाणे,['ऐकल्याप्रम']
ऐकल्याबद्दल,['ऐकल्याबद']
ऐकल्याबरोबर,"['ऐकल्याबर', 'ऐकल्य']"
ऐकल्याबरोबरच,"['ऐकल्याबरो', 'ऐकल्या']"
ऐकल्याबरोब्बर,['ऐकल्याबरोब']
ऐकल्यामुळे,"['ऐकल्याम', 'ऐकल्य', 'ऐकल']"
ऐकल्यावर,"['ऐकल्य', 'ऐकल', 'ऐकल्य']"
ऐकल्यावरच,"['ऐकल्या', 'ऐकल्', 'ऐकल्या']"
ऐकल्याशिवाय,"['ऐकल्याशिव', 'ऐकल्याशि', 'ऐकल्य']"
ऐकल्यास,['ऐकल्']
ऐकल्यासारखं,"['ऐकल्यासा', 'ऐकल']"
ऐकल्यासारखा,"['ऐकल्यासा', 'ऐकल']"
ऐकल्यासारखी,"['ऐकल्य', 'ऐकल', 'ऐकल्यासा']"
ऐकल्यासारखे,"['ऐकल', 'ऐकल्यासा']"
ऐकल्यासारख्या,['ऐकल्यासारख']
ऐकल्याही,['ऐकल्य']
ऐकव,[]
ऐकवणार,[]
ऐकवणे,[]
ऐकवण्याचा,"['ऐकवण्या', 'ऐकवण्य', 'ऐकवण्य']"
ऐकवण्याची,"['ऐकवण्या', 'ऐकवण्य', 'ऐकवण्य', 'ऐकवण']"
ऐकवण्याचे,"['ऐकवण्या', 'ऐकवण', 'ऐकवण्य', 'ऐकवण्य']"
ऐकवण्यात,['ऐकवण्']
ऐकवत,[]
ऐकवतसुद्धा,[]
ऐकवताच,['ऐकवत']
ऐकवतात,['ऐकव']
ऐकवते,[]
ऐकवतेय,[]
ऐकवतो,[]
ऐकवलं,[]
ऐकवलंन,[]
ऐकवला,[]
ऐकवलाय,['ऐकवल']
ऐकवली,[]
ऐकवलीस,[]
ऐकवले,[]
ऐकवलेलं,['ऐकवल']
ऐकवलेला,"['ऐकव', 'ऐकवल']"
ऐकवल्या,['ऐकवल']
ऐकवल्याबद्दल,['ऐकवल्याबद']
ऐकवल्यावर,"['ऐकवल्य', 'ऐकवल', 'ऐकवल्य']"
ऐकवा,[]
ऐकवायचा,['ऐकवाय']
ऐकवायचाच,"['ऐकवायच', 'ऐकवायच']"
ऐकवायची,['ऐकवाय']
ऐकवायचे,['ऐकवाय']
ऐकवायला,['ऐकवाय']
ऐकवावं,[]
ऐकवावे,[]
ऐकविणे,[]
ऐकविण्यात,['ऐकविण्']
ऐकविली,[]
ऐकविले,[]
ऐकवीत,['ऐकव']
ऐकवीन,[]
ऐकवील,[]
ऐकवू,[]
ऐकवून,['ऐकव']
ऐकवूनच,['ऐकवू']
ऐकवेना,[]
ऐकवेल,[]
ऐकशील,[]
ऐका,[]
ऐकाच,['ऐक']
ऐकायच,['ऐका']
ऐकायचं,['ऐकाय']
ऐकायचंच,['ऐकायच']
ऐकायचंय,['ऐकायच']
ऐकायचय,['ऐकाय']
ऐकायचा,['ऐकाय']
ऐकायची,['ऐकाय']
ऐकायचीय,['ऐकायच']
ऐकायचे,['ऐकाय']
ऐकायचो,['ऐकाय']
ऐकायच्या,"['ऐकायच्', 'ऐकायच']"
ऐकायला,['ऐकाय']
ऐकायलाच,"['ऐकायल', 'ऐकायल']"
ऐकायलादेखील,['ऐकायलादेख']
ऐकायलाही,['ऐकायला']
ऐकाल,[]
ऐकावं,[]
ऐकावंच,[]
ऐकावंसं,[]
ऐकावयास,[]
ऐकावसं,[]
ऐकावा,[]
ऐकावासा,[]
ऐकावी,[]
ऐकावीच,[]
ऐकावीत,['ऐकाव']
ऐकावे,[]
ऐकावेच,[]
ऐकावेसे,[]
ऐकावेही,[]
ऐकाव्या,['ऐकाव']
ऐकाव्यात,['ऐकाव्']
ऐकाव्याश्या,['ऐकाव्याश']
ऐकिवात,[]
ऐकिवातही,['ऐकिव']
ऐकीव,[]
ऐकीवच,[]
ऐकीवात,[]
ऐकुनी,[]
ऐकू,[]
ऐकूच,[]
ऐकून,['ऐक']
ऐकूनच,['ऐकू']
ऐकूनसुद्धा,['ऐकूनसुद्']
ऐकूनही,['ऐकून']
ऐकूही,[]
ऐकेचना,[]
ऐकेन,[]
ऐकेना,[]
ऐकेनाच,['ऐकेन']
ऐकेनात,[]
ऐकेनाशी,['ऐकेन']
ऐकेपर्यंत,[]
ऐकेल,[]
ऐकोत,[]
ऐक्य,[]
ऐक्यच,[]
ऐक्याचा,"['ऐक्या', 'ऐक्य', 'ऐक्य']"
ऐक्याची,"['ऐक्या', 'ऐक्य', 'ऐक्य', 'ऐक']"
ऐक्याचे,"['ऐक्या', 'ऐक', 'ऐक्य', 'ऐक्य']"
ऐक्याच्या,"['ऐक्याच्', 'ऐक्य', 'ऐक्याच']"
ऐक्यात,['ऐक्']
ऐक्यातले,['ऐक्या']
ऐक्यातून,"['ऐक्य', 'ऐक्यात', 'ऐक्या']"
ऐक्याबाबत,"['ऐक्याब', 'ऐक्य']"
ऐक्याला,"['ऐक्य', 'ऐक्य']"
ऐक्यावर,"['ऐक्य', 'ऐक', 'ऐक्य']"
ऐक्यासाठी,"['ऐक्यास', 'ऐक्य']"
ऐच्छिक,[]
ऐच्छिकतेच्या,['ऐच्छिकतेच']
ऐट,[]
ऐटच,[]
ऐटदार,[]
ऐटबाज,[]
ऐटीत,['ऐट']
ऐटीने,[]
ऐतखाऊ,[]
ऐतरेय,[]
ऐतिहासिक,[]
ऐतिहासिकच,[]
ऐतिहासिकता,[]
ऐतिहासिकतेचे,[]
ऐदी,[]
ऐन,[]
ऐनवेळच्या,['ऐनवेळच']
ऐनवेळी,[]
ऐनवेळेला,['ऐनवेळ']
ऐनवेळेस,[]
ऐपत,[]
ऐपतच,[]
ऐपती,[]
ऐपतीनुसार,[]
ऐपतीनुसारही,[]
ऐपतीपेक्षा,[]
ऐपतीप्रमाणे,[]
ऐपतीबाहेर,[]
ऐय्याशीमुळे,"['ऐय्याशीम', 'ऐय्याशीम', 'ऐय्याश']"
ऐरणीवर,['ऐरण']
ऐरणीवरच्या,"['ऐरणीवरच', 'ऐरणीवरच']"
ऐरावत,[]
ऐरावताच्या,"['ऐरावताच्', 'ऐरावत', 'ऐरावताच']"
ऐलतिरीवरच्या,"['ऐलतिरीवरच', 'ऐलतिरीवरच']"
ऐलतीर,[]
ऐलतीरावर,['ऐलतीर']
ऐलतीरावरची,['ऐलतीराव']
ऐलपैल,[]
ऐलान,[]
ऐवज,[]
ऐवजाचा,"['ऐवजा', 'ऐवज']"
ऐवजातील,"['ऐवजा', 'ऐवज']"
ऐवजी,[]
ऐशींचे,['ऐश']
ऐशीतैशी,['ऐशीतै']
ऐशोआरामच्या,['ऐशोआरामच']
ऐशोआरामाची,"['ऐशोआरामा', 'ऐशोआराम']"
ऐश्वर्य,[]
ऐश्वर्यपूर्ण,[]
ऐश्वर्यसंपन्न,[]
ऐश्वर्या,['ऐश्वर']
ऐश्वर्याकडे,"['ऐश्वर्य', 'ऐश्वर्या']"
ऐश्वर्याचं,"['ऐश्वर्या', 'ऐश्वर्य', 'ऐश्वर्य']"
ऐश्वर्याचा,"['ऐश्वर्या', 'ऐश्वर्य', 'ऐश्वर्य']"
ऐश्वर्याची,"['ऐश्वर्या', 'ऐश्वर्य', 'ऐश्वर्य', 'ऐश्वर']"
